,cycle,cpd01080,cpd00161,cpd00149,cpd00011,cpd00063,cpd00205,cpd00035,cpd00041,cpd00064,cpd00069,cpd00239,cpd00132,cpd00058,cpd00030,cpd00027,cpd04450,cpd00001,cpd00033,cpd00156,cpd00254,cpd00029,cpd00067,cpd00209,cpd00051,cpd15378,cpd00039,cpd00244,cpd01034,cpd00023,cpd00034,cpd10516,cpd00971,cpd10515,cpd04383,cpd00066,cpd00141,cpd00226,cpd00084,cpd00129,cpd00106,cpd00013,cpd01024,cpd01007,cpd00528,cpd00099,cpd00053,cpd00009,cpd00322,cpd00047,cpd00107,cpd00131,cpd00060,cpd00235,cpd00054,cpd00082,cpd00119,cpd00048,cpd00065
0,40,0.024810726,0.0,2499.999701,0.883317897,2499.999701,2499.999701,0.0,0.0,0.0,0.0,2500.015468,0.0,2499.999703,2499.999702,11.79204102,0.741879917,2503.06532,0.050045612,0.0,2499.999701,1.975136834,10000.08527,0.0,0.0,2.22e-06,0.0,2499.999999,0.069640191,0.0,2499.999702,2499.999748,2500,2499.999058,0.226416955,0.0,0.0,0.0,0.0,0.0,0.0,499999.3867,0.28502627,0.110807905,2500.021013,2499.999701,0.0,499999.9406,0.0,4e-05,0.0,2499.999999,0.0,0.0,0.0,0.0,0.0,2499.970896,0.0
1,41,0.046830349,0.298823215,2499.999328,0.887449012,2499.999328,2499.999328,0.28814181,0.323839292,0.0,0.304329103,2500.062531,0.30046294,2499.999334,2499.999333,10.8870633,0.654313718,2506.156065,0.413334284,0.277604972,2499.999328,3.93950946,10000.57476,0.052025466,0.303549605,5.35e-06,0.290230272,2499.999995,0.068355824,0.259004544,2499.999333,2499.999378,2500,2499.997939,0.207708638,0.304099275,0.005221907,0.0,0.304548377,0.269730439,7.53e-05,499998.8319,0.358950039,0.100745439,2500.05334,2499.999328,0.270107075,499999.8643,0.295817559,0.000121,0.299389282,2499.999995,0.233875902,0.0,0.305125943,0.0,0.302714085,2499.977572,0.303489207
2,42,0.062986887,0.578437091,2499.998901,0.902188431,2499.998901,2499.998901,0.544218706,0.648460111,0.0,0.592862912,2500.159107,0.58720482,2499.998914,2499.998912,10.02364086,0.56341683,2509.413627,0.762025892,0.53291247,2499.998901,5.797556981,10001.4893,0.146747025,0.591065974,9.2e-06,0.562255334,2499.999989,0.067147629,0.495034439,2499.998912,2499.998938,2500,2499.996678,0.189900969,0.592322058,0.014176651,0.0,0.593370236,0.518746624,0.000197,499998.2136,0.487052929,0.091948941,2500.09605,2499.998901,0.49918231,499999.7759,0.573699427,0.000144,0.579293405,2499.999989,0.397794822,0.0,0.594709621,0.0,0.589688692,2499.986104,0.591268618
3,43,0.072941324,0.846792318,2499.99843,0.925934436,2499.99843,2499.99843,0.771673931,0.972549799,0.0,0.867621331,2500.288495,0.859072318,2499.99845,2499.998449,9.190907191,0.479249019,2512.846875,1.096796368,0.768471424,2499.99843,7.558951319,10002.79166,0.274928711,0.864655479,1.36e-05,0.818008977,2499.999981,0.061111699,0.711904835,2499.998449,2499.998433,2500,2499.995305,0.174258575,0.866713169,0.026009587,0.0,0.868461003,0.749730833,0.000345,499997.5326,0.666681329,0.078765936,2500.148679,2499.99843,0.69665822,499999.6776,0.835997573,0.000151,0.842094647,2499.999981,0.507523543,0.0,0.870682583,0.0,0.862956216,2499.999842,0.86531393
4,44,0.07578886,1.101239412,2499.997918,0.957469083,2499.997918,2499.997918,0.973201906,1.296184966,0.0,1.130230822,2500.421654,1.117728446,2499.997949,2499.997948,8.395228703,0.410974729,2516.464737,1.442524243,0.986600475,2499.997918,9.099472542,10004.47105,0.449404419,1.125973331,1.85e-05,1.059336711,2499.99997,0.055913139,0.916056396,2499.997948,2499.997878,2500,2499.993823,0.160667349,1.128908734,0.040072745,0.0,1.131438833,0.964522605,0.000507,499996.745,0.895664207,0.066987836,2500.210779,2499.997918,0.867451174,499999.5703,1.084469791,0.000172,1.089635361,2499.99997,0.576052832,0.0,1.134640807,0.0,1.124135636,2500.036701,1.127243105
5,45,0.073859163,1.343474064,2499.997387,0.994940004,2499.997387,2499.997387,1.151229523,1.619210182,0.0,1.382137077,2500.548897,1.364722899,2499.997432,2499.99743,7.691452569,0.355085285,2520.08006,1.803471059,1.198403481,2499.997387,10.27757457,10006.47412,0.655594638,1.376522192,2.39e-05,1.287960488,2499.999957,0.051401654,1.111782176,2499.99743,2499.997296,2500,2499.992296,0.148778429,1.380371644,0.055880308,0.0,1.383733386,1.16469206,0.000676,499995.8711,1.169871327,0.057429831,2500.281986,2499.997387,1.016554438,499999.4581,1.320832699,0.00018,1.314956881,2499.999957,0.614081104,0.0,1.38797151,0.0,1.374651739,2500.097847,1.378572388
6,46,0.071711128,1.578890629,2499.996871,1.029135522,2499.996871,2499.996871,1.307948615,1.938498279,0.0,1.624537166,2500.685063,1.602338832,2499.996929,2499.996927,7.063421855,0.308931658,2523.600728,2.175081177,1.398280477,2499.996871,11.26748924,10008.46327,0.865183183,1.61753031,2.9e-05,1.506652342,2499.999943,0.047458522,1.299730529,2499.996927,2499.996723,2500,2499.990816,0.138312067,1.622314762,0.072751254,0.0,1.626531796,1.35159784,0.00085,499995.0004,1.463268761,0.049599704,2500.362706,2499.996871,1.148005051,499999.3488,1.54766881,0.000182,1.530811533,2499.999943,0.630801956,0.0,1.631833911,0.0,1.615689499,2500.162528,1.620491239
7,47,0.069589085,1.807619015,2499.996367,1.060266751,2499.996367,2499.996367,1.44470124,2.25426522,0.0,1.858031463,2500.826564,1.831170391,2499.99644,2499.996438,6.499676086,0.270549585,2527.047915,2.552094735,1.587139228,2499.996367,12.09797631,10010.43529,1.077967417,1.849601146,3.4e-05,1.715957006,2499.999928,0.044000639,1.478401248,2499.996438,2499.996159,2500,2499.98938,0.129071136,1.855339896,0.090797359,0.0,1.860433551,1.526037231,0.001026859,499994.1296,1.774625496,0.043137345,2500.452339,2499.996367,1.265040985,499999.2421,1.765594151,0.000182,1.737820473,2499.999928,0.63214735,0.0,1.8668249,0.0,1.847851015,2500.228946,1.853594596
8,48,0.070074081,2.029852856,2499.99585,1.096415938,2499.99585,2499.99585,1.56290737,2.566779811,0.0,2.083182274,2501.015549,2.051631552,2499.995939,2499.995938,6.034072686,0.981141418,2530.19698,2.93053892,1.770634364,2499.99585,12.98510459,10012.37375,1.180741684,2.073298348,4.1e-05,1.914125917,2499.999912,0.106895315,1.648089826,2499.995938,2499.995581,2500,2499.987908,0.356027088,2.080010253,0.11059794,0.0,2.086000567,1.68875675,0.001263521,499993.3067,2.102753638,0.145751515,2500.548157,2499.99585,1.369573746,499999.1315,1.975180223,0.00018,1.93655661,2499.999912,0.622753727,0.0,2.093505097,0.0,2.071699735,2500.249079,2.078440579
9,49,0.070074081,2.246622662,2499.995347,1.128699226,2499.995347,2499.995347,1.664756467,2.877026593,0.0,2.301244557,2501.204104,2.265134109,2499.995453,2499.995452,5.611042273,0.869703632,2533.312153,3.307021287,1.940613027,2499.995347,13.70448819,10014.21486,1.310945928,2.289873847,4.76e-05,2.104930475,2499.999896,0.1007356,1.809741517,2499.995452,2499.995012,2500,2499.986482,0.334352714,2.297580474,0.131272305,0.0,2.304488571,1.841538283,0.001423637,499992.4899,2.446599729,0.129567062,2500.641704,2499.995347,1.463831697,499999.0239,2.177731064,0.00016,2.12834646,2499.999896,0.606898361,0.0,2.31313207,0.010805003,2.288508415,2500.26976,2.29627616
10,50,0.06989846,2.45793971,2499.994858,1.157569833,2499.994858,2499.994858,1.751308523,3.185194221,1.66e-05,2.512543047,2501.389657,2.472000835,2499.994982,2499.99498,5.225795644,0.774418461,2536.413642,3.678083393,2.104652154,2499.994858,14.32279615,10015.96717,1.462643188,2.499633924,5.39e-05,2.288827087,2499.999878,0.09520332,1.966656481,2499.99498,2499.994423,2500,2499.985133,0.314840981,2.50837522,0.15262624,0.0,2.516222749,1.984769113,0.001483763,499991.6815,2.805111204,0.115769036,2500.733311,2499.994858,1.545574597,499998.9194,2.373671307,0.000156,2.313669637,2499.999878,0.58688004,5.07e-05,2.52603204,0.011873654,2.498643161,2500.291602,2.507422188
11,51,0.069731257,2.663889203,2499.994385,1.183166833,2499.994385,2499.994385,1.823556884,3.49140372,3.53e-05,2.717366378,2501.571754,2.672513047,2499.994527,2499.994525,4.871927239,0.692604617,2539.492006,4.040228391,2.266516506,2499.994385,14.85092302,10017.63606,1.634452386,2.702886542,5.99e-05,2.46621807,2499.99986,0.089944933,2.115245437,2499.994525,2499.993839,2500,2499.983843,0.297253547,2.712684648,0.174601382,0.0,2.721490319,2.118796496,0.001586402,499990.8793,3.177268393,0.103955355,2500.823292,2499.994385,1.619765993,499998.8185,2.566138796,0.000154,2.493191399,2499.99986,0.564387842,0.000109,2.732488566,0.008494936,2.702462985,2500.313834,2.712162804
12,52,0.068039563,2.864094006,2499.993927,1.205675734,2499.993927,2499.993927,1.88237423,3.796279485,4.78e-05,2.915908543,2501.749682,2.866859906,2499.994088,2499.994086,4.545865931,0.622403522,2542.541459,4.392865852,2.420779342,2499.993927,15.29606579,10019.23091,1.819168705,2.899835884,6.55e-05,2.638513887,2499.999841,0.084718444,2.255462381,2499.994086,2499.99326,2500,2499.982609,0.281377048,2.9107035,0.197205482,0.0,2.920484646,2.243871288,0.001713248,499990.0842,3.561916128,0.093758478,2500.912256,2499.993927,1.687475571,499998.7211,2.754443201,0.000154,2.672892751,2499.999841,0.540575942,0.000148,2.932693369,0.005249379,2.900148372,2500.336139,2.91068877
13,53,0.066490644,3.058251995,2499.993482,1.230423101,2499.993482,2499.993483,1.92863786,4.100387711,5.47e-05,3.108373456,2501.921912,3.055243681,2499.993663,2499.993661,4.245236807,0.561970751,2545.541278,4.735629166,2.567765305,2499.993482,15.66583808,10020.80743,2.014292327,3.090684197,7.09e-05,2.807730239,2499.999821,0.080018519,2.38725399,2499.993661,2499.992686,2500,2499.981425,0.26702273,3.102635612,0.220383602,0.0,3.113409941,2.360262639,0.001854651,499989.299,3.954480335,0.084435892,2501.002307,2499.993482,1.749477617,499998.6269,2.936619655,0.00019,2.846679664,2499.999821,0.516292679,0.000168,3.126851358,0.003302528,3.091892066,2500.359338,3.103202172
14,54,0.065247904,3.2465806,2499.99305,1.257170317,2499.99305,2499.993051,1.963241729,4.403850389,5.83e-05,3.294977305,2502.084561,3.237879311,2499.993251,2499.993249,3.967224997,0.509773595,2548.499747,5.068389778,2.707792038,2499.99305,15.96931876,10022.3663,2.211670389,3.275643828,7.61e-05,2.970242438,2499.999801,0.075783901,2.510574452,2499.993249,2499.992115,2500,2499.980288,0.25402349,3.288697009,0.244096577,0.0,3.300482755,2.468248702,0.002026925,499988.5296,4.354386486,0.076235422,2501.093414,2499.99305,1.809110377,499998.5354,3.112877227,0.000202,3.01530552,2499.999801,0.492151692,0.000178,3.315179963,0.002111368,3.277899195,2500.386839,3.289917327
15,55,0.065406087,3.429307202,2499.992558,1.302694659,2499.992558,2499.992559,1.987075136,4.706918133,6.02e-05,3.475948998,2502.252955,3.414650092,2499.992779,2499.992777,3.711738369,1.723218601,2551.379518,5.405943601,2.841183971,2499.992558,16.33550797,10023.90758,2.271536219,3.454943497,8.63e-05,3.115652085,2499.999781,3.075089306,2.625397355,2499.992777,2499.991456,2500,2499.978998,2.408534333,3.469117081,0.269299168,0.0,3.481931566,2.568137372,0.002355985,499987.735,4.761065338,14.75377211,2501.18559,2499.992558,1.861536879,499998.4277,3.283440943,0.000195,3.175996445,2499.999781,0.468590134,0.000184,3.497906564,0.001346066,3.457908445,2500.397858,3.471059795
16,56,0.065536689,3.608795892,2499.992072,1.349798438,2499.992072,2499.992073,2.003413312,5.010082742,6.11e-05,3.653654938,2502.415072,3.588241638,2499.992313,2499.992311,3.475191778,1.647222042,2554.226109,5.73793275,2.970460914,2499.992072,16.65004603,10025.43133,2.330142373,3.630950994,9.66e-05,3.256773545,2499.999761,3.075089306,2.734171965,2499.992311,2499.99085,2500,2499.977679,2.301468774,3.646263091,0.294569495,0.0,3.660122168,2.662884766,0.002684079,499986.9465,5.17370906,14.72521603,2501.278843,2499.992072,1.911877824,499998.3211,3.45068074,0.000192,3.334543995,2499.999761,0.447904834,0.000186,3.677395255,0.000855,3.63469836,2500.409303,3.648993901
17,57,0.065640126,3.785209757,2499.991592,1.398099426,2499.991592,2499.991592,2.012875418,5.313562197,6.11e-05,3.828256185,2502.571529,3.758816076,2499.991854,2499.991852,3.256836261,1.568500971,2557.041909,6.064931822,3.095832705,2499.991592,16.91508773,10026.93821,2.387388038,3.803825176,0.000107,3.393703351,2499.99974,3.075089306,2.836831588,2499.991852,2499.990246,2500,2499.976384,2.199905999,3.820295626,0.320640022,0.0,3.835216193,2.752699081,0.003015961,499986.1634,5.591919376,14.69613324,2501.373185,2499.991592,1.960319439,499998.2157,3.614751389,0.00018,3.490983138,2499.99974,0.429572747,0.000186,3.85380912,0.000541,3.808429444,2500.421222,3.823879174
18,58,0.065716506,3.958703941,2499.991117,1.447271646,2499.991117,2499.991117,2.016053908,5.61769985,6.11e-05,3.999906412,2502.722846,3.926527604,2499.9914,2499.991398,3.055859953,1.490321103,2559.829519,6.38738777,3.217493477,2499.991117,17.12980886,10028.42873,2.444090554,3.973717046,0.000117,3.526525419,2499.999719,3.075089306,2.933305717,2499.991398,2499.989641,2500,2499.975109,2.103438402,3.991368003,0.350619744,0.0,4.007367716,2.837774562,0.003313876,499985.3854,6.015309271,14.66304601,2501.468627,2499.991117,2.00697524,499998.1113,3.775799263,0.000186,3.644455427,2499.999719,0.413189006,0.000186,4.027303304,0.00034,3.979254649,2500.433632,3.995867445
19,59,0.065765544,4.129425787,2499.990646,1.496982366,2499.990646,2499.990647,2.013514631,5.922835115,6.11e-05,4.168751143,2502.869444,4.091522613,2499.990951,2499.990949,2.871287791,1.41276496,2562.591765,6.705651572,3.335623568,2499.990646,17.29747444,10029.90351,2.500092086,4.140770623,0.000128,3.65531051,2499.999697,3.075089306,3.023514571,2499.990949,2499.989037,2500,2499.973854,2.011692567,4.159625291,0.384317685,0.0,4.176722764,2.918287418,0.003600764,499984.6122,6.443503598,14.62610114,2501.56518,2499.990646,2.051941015,499998.0078,3.933963146,0.000179,3.795048036,2499.999697,0.398437675,0.000186,4.19802515,0.000213,4.147318868,2500.446553,4.165102666
20,60,0.065786851,4.297515908,2499.99018,1.546920762,2499.99018,2499.990181,2.005797811,6.22930307,6.11e-05,4.334928328,2503.011651,4.253940767,2499.990507,2499.990504,2.702059276,1.335575677,2565.331565,7.020001587,3.450386856,2499.99018,17.42145827,10031.36328,2.555212647,4.305120932,0.000138,3.780115151,2499.999676,3.075089306,3.107370786,2499.990504,2499.988431,2500,2499.972616,1.924503254,4.325204758,0.421548712,0.0,4.343420025,2.994399299,0.003876582,499983.8435,6.876139458,14.58558953,2501.662855,2499.99018,2.09528746,499997.9051,4.089373029,0.000166,3.942885198,2499.999676,0.385070458,0.000186,4.366115271,0.000133,4.312759782,2500.460025,4.331721819
21,61,0.065780089,4.46310918,2499.989718,1.596807462,2499.989718,2499.989718,1.993419003,6.537435872,6.11e-05,4.498569996,2503.149032,4.413916007,2499.990066,2499.990064,2.54707854,1.258670136,2568.051853,7.330663289,3.561934802,2499.989718,17.50509749,10032.80879,2.609298419,4.466896536,0.000148,3.900984299,2499.999654,3.075089306,3.184783113,2499.990064,2499.987765,2500,2499.971454,1.842135858,4.488237695,0.460447827,0.0,4.507592315,3.066259715,0.004261633,499983.0789,7.312866778,14.54176914,2501.761661,2499.989718,2.137074762,499997.803,4.242152426,0.000182,4.088083713,2499.999654,0.372891892,0.000186,4.531708543,8.77e-05,4.475709285,2500.474788,4.49585618
22,62,0.06574479,4.62633517,2499.989258,1.646332714,2499.989258,2499.989259,1.976869326,6.847563679,6.22e-05,4.659802682,2503.281215,4.571576828,2499.989628,2499.989626,2.405244566,1.184072651,2570.755509,7.637824095,3.670408716,2499.989258,17.55176156,10034.24078,2.662226253,4.626220991,0.000158,4.017952865,2499.999632,3.073229935,3.255656725,2499.989626,2499.987095,2500,2499.970309,1.76425091,4.648849843,0.499955326,0.0,4.669367008,3.13400665,0.004610111,499982.3181,7.753349029,14.4948675,2501.861607,2499.989258,2.177353479,499997.7015,4.392417248,0.000187,4.230754914,2499.999632,0.361746665,0.000189,4.694934533,5.74e-05,4.636293906,2500.491477,4.657631763
23,63,0.065680529,4.787318564,2499.988801,1.695268017,2499.988801,2499.988802,1.956615606,7.16089635,6.36e-05,4.818748093,2503.408478,4.727047054,2499.989194,2499.989191,2.276024223,1.115265494,2573.442584,7.94164507,3.775940421,2499.988801,17.56456192,10035.66007,2.713879019,4.783212949,0.000169,4.131045191,2499.99961,3.065468574,3.319895045,2499.989191,2499.986419,2500,2499.969178,1.690537936,4.807162136,0.540052096,0.0,4.828866635,3.197767318,0.004924617,499981.5627,8.197263688,14.44508687,2501.962701,2499.988801,2.21483378,499997.6004,4.540280673,0.000188,4.371005204,2499.99961,0.351510607,0.000193,4.855917927,3.74e-05,4.794635389,2500.510044,4.81716986
24,64,0.065586893,4.946179392,2499.988346,1.743304937,2499.988346,2499.988347,1.933100338,7.477024008,6.52e-05,4.975530757,2503.531126,4.880445867,2499.988761,2499.988759,2.158360283,13.9221065,2576.115264,8.242250025,3.878661323,2499.988346,17.54670381,10037.06701,2.764050849,4.938001246,0.000179,4.240289641,2499.999587,66.87712475,3.377412626,2499.988759,2499.985739,2500,2499.968062,28.99438314,4.963300797,0.580728862,0.0,4.986214534,3.257663388,0.005234063,499980.8116,8.644303049,185.0015842,2502.064953,2499.988346,2.25046494,499997.4997,4.685869551,0.000188,4.508961035,2499.999587,0.342090998,0.000198,5.014778755,2.43e-05,4.950856048,2500.530381,4.974590521
25,65,0.065463526,5.103028733,2499.987893,1.790197653,2499.987893,2499.987894,1.906736214,7.796230248,6.74e-05,5.130258644,2503.650055,5.031883484,2499.988331,2499.988328,2.051197352,13.90058201,2578.776322,8.539752634,3.978690557,2499.987893,17.50118431,10038.46247,2.813573917,5.090690286,0.000189,4.345684891,2499.999565,66.87712475,3.428104472,2499.988328,2499.985053,2500,2499.966959,28.87500877,5.117372966,0.621963965,0.0,5.141519531,3.313805665,0.005536257,499980.0638,9.094175714,184.9467703,2502.168368,2499.987893,2.284331224,499997.3993,4.829281131,0.000188,4.644713073,2499.999565,0.33339817,0.000203,5.171628095,1.57e-05,5.105064125,2500.551775,5.130001542
26,66,0.065309592,5.25797384,2499.987443,1.835547898,2499.987443,2499.987444,1.877912714,8.11735572,6.96e-05,5.283045119,2503.766013,5.181466254,2499.987903,2499.9879,1.953829458,13.88147446,2581.425655,8.834260814,4.07618958,2499.987443,17.42940369,10039.84512,2.862741647,5.241400182,0.000199,4.447595722,2499.999542,66.87712475,3.47361187,2499.9879,2499.984362,2500,2499.96587,28.75693538,5.269493611,0.663738541,0.0,5.294893306,3.367020571,0.005821903,499979.3181,9.546605625,184.889698,2502.272954,2499.987443,2.316818346,499997.2994,4.970659853,0.000188,4.778417482,2499.999542,0.325373775,0.000209,5.326573202,1.01e-05,5.257369985,2500.573674,5.28351119
27,67,0.065123864,5.411110758,2499.986994,1.87907437,2499.986994,2499.986995,1.846993578,8.440177035,7.23e-05,5.433986592,2503.879158,5.32928931,2499.987477,2499.987475,1.865399438,13.86456512,2584.064831,9.125872677,4.171273193,2499.986994,17.33361514,10041.21499,2.911343081,5.390227303,0.000211,4.546147943,2499.999519,66.87712475,3.514402871,2499.987475,2499.983666,2500,2499.964794,28.64009643,5.41975922,0.706038071,0.0,5.446432167,3.417606686,0.006082652,499978.5741,10.00133755,184.8304925,2502.378718,2499.986994,2.348083246,499997.1998,5.110106398,0.000188,4.910175244,2499.999519,0.317947833,0.000216,5.479710121,6.49e-06,5.407869008,2500.596083,5.43521401
28,68,0.064905367,5.56253032,2499.986547,1.920598325,2499.986547,2499.986548,1.814319529,8.764886826,7.54e-05,5.583171623,2503.989595,5.475442602,2499.987053,2499.987051,1.785033107,13.84966402,2586.696052,9.414678947,4.264035004,2499.986547,17.21627888,10042.57273,2.959211173,5.537257955,0.000222,4.641355766,2499.999497,66.87712475,3.550433907,2499.987051,2499.982965,2500,2499.963731,28.5244298,5.568257728,0.748850903,0.0,5.596225296,3.465639442,0.00632573,499977.8316,10.45813383,184.7692532,2502.485665,2499.986547,2.37817981,499997.1006,5.247702457,0.000188,5.040063515,2499.999497,0.311056546,0.000225,5.631129683,4.15e-06,5.556649685,2500.619034,5.585198275
29,69,0.064653041,5.712320719,2499.986102,1.959937454,2499.986102,2499.986103,1.780209285,9.091673306,7.87e-05,5.730686061,2504.097413,5.620013448,2499.986631,2499.986628,1.711931036,13.83659954,2589.321315,9.700766959,4.354563955,2499.986102,17.07963037,10043.91898,3.00619874,5.682575798,0.000234,4.733229164,2499.999474,66.87712475,3.581667249,2499.986628,2499.982258,2500,2499.96268,28.40987763,5.715074341,0.792167514,0.0,5.744359188,3.511189392,0.006569238,499977.0904,10.91677324,184.7060619,2502.593802,2499.986102,2.407147641,499997.0016,5.383533149,0.000187,5.168156693,2499.999474,0.3046487,0.000234,5.780920082,2.64e-06,5.703797871,2500.64256,5.733549722
30,70,0.064365849,5.860567664,2499.985658,1.99696673,2499.985658,2499.985659,1.744959699,9.420720027,8.23e-05,5.876613202,2504.202702,5.763086681,2499.98621,2499.986207,1.645366971,13.82521578,2591.942376,9.984222994,4.44294415,2499.985658,16.9256933,10045.2544,3.052224116,5.826261825,0.000246,4.821773853,2499.99945,66.87712475,3.608071134,2499.986207,2499.981544,2500,2499.96164,28.29638599,5.860291691,0.835980325,0.0,5.890917799,3.55432233,0.006813382,499976.3505,11.37705115,184.6409849,2502.703134,2499.985658,2.434955391,499996.9028,5.517734908,0.000187,5.294526206,2499.99945,0.298682502,0.000243,5.929167027,1.67e-06,5.849396942,2500.666683,5.880351702
31,71,0.064042741,6.007354543,2499.985214,2.031579639,2499.985214,2499.985215,1.708846033,9.752204729,8.62e-05,6.021033949,2504.305536,5.904744824,2499.985789,2499.985786,1.584684565,13.81536618,2594.560924,10.26513355,4.529254947,2499.985214,16.75628715,10046.57964,3.097147242,5.968394196,0.000257,4.906991255,2499.999427,66.87712475,3.629620373,2499.985786,2499.980821,2500,2499.96061,28.18390418,6.003989992,0.880283531,0.0,6.035982714,3.595099316,0.007046654,499975.6116,11.83877968,184.5740799,2502.813666,2499.985214,2.461648339,499996.804,5.650374614,0.000187,5.419240144,2499.999427,0.293123335,0.000254,6.075953906,1.06e-06,5.993527957,2500.69143,6.025685326
32,72,0.06371274,6.152762582,2499.98477,2.063623983,2499.98477,2499.984771,1.67212236,10.08630049,9.01e-05,6.164026962,2504.405985,6.045068274,2499.985369,2499.985366,1.529293122,13.80691801,2597.178454,10.54358636,4.613572602,2499.98477,16.57303372,10047.89538,3.140838241,6.109049324,0.000269,4.988879674,2499.999404,66.87658412,3.646295763,2499.985366,2499.980091,2500,2499.95959,28.07238532,6.146247198,0.92507292,0.0,6.179633298,3.633577015,0.007294248,499974.8737,12.3017876,184.5059315,2502.925404,2499.98477,2.487265999,499996.7052,5.781517579,0.000187,5.542365163,2499.999404,0.287942138,0.000264,6.221361945,6.65e-07,6.136269808,2500.716826,6.169629618
33,73,0.06337907,6.296870984,2499.984327,2.093047524,2499.984327,2499.984328,1.63502194,10.42317566,9.46e-05,6.305668796,2504.504115,6.184135396,2499.984949,2499.984946,1.478952682,13.7996133,2599.79638,10.81967089,4.695968455,2499.984327,16.37743619,10049.20091,3.18312795,6.248300609,0.000282,5.067457906,2499.999381,66.87542721,3.657388292,2499.984946,2499.979351,2500,2499.958579,27.96178614,6.287139128,0.970345761,0.0,6.321946828,3.669807811,0.007528276,499974.1365,12.76592029,184.4367891,2503.038351,2499.984327,2.512190511,499996.6064,5.911225718,0.000187,5.663963916,2499.999381,0.283114112,0.000276,6.365470346,4.17e-07,6.277699349,2500.742894,6.312261633
34,74,0.063041659,6.439757083,2499.983882,2.119749495,2499.983882,2499.983884,1.597757853,10.76299244,9.92e-05,6.446034038,2504.599979,6.322022738,2499.984528,2499.984525,1.43352075,13.79171798,2602.416057,11.09347298,4.776511975,2499.983882,16.17147803,10050.49512,3.223319871,6.386220353,0.000294,5.143017074,2499.999357,66.87363911,3.661996563,2499.984525,2499.978601,2500,2499.957576,27.85206748,6.426739609,1.016100626,0.0,6.462998647,3.703841832,0.007773966,499973.4,13.23103942,184.3683634,2503.152513,2499.983882,2.536889089,499996.5074,6.03956011,0.000187,5.784098726,2499.999357,0.278617965,0.000288,6.508356446,2.6e-07,6.417891499,2500.769665,6.453656549
35,75,0.06270046,6.581496506,2499.983438,2.143667338,2499.983438,2499.983439,1.560523575,11.10590603,0.000104,6.585195462,2504.693612,6.458805179,2499.984107,2499.984104,1.392450548,13.78325993,2605.038881,11.36507327,4.85526778,2499.983438,15.9564938,10051.77889,3.261380689,6.522877811,0.000306,5.215531535,2499.999334,66.87121277,3.660206084,2499.984104,2499.977841,2500,2499.956581,27.74319959,6.565120623,1.062337343,0.0,6.60286231,3.735728818,0.008001966,499972.664,13.69702274,184.300546,2503.267894,2499.983438,2.561323737,499996.4082,6.166578271,0.000187,5.902827678,2499.999334,0.274435098,0.000304,6.650095869,1.62e-07,6.556919422,2500.797183,6.593887797
36,76,0.06235543,6.722163184,2499.982992,2.164748438,2499.982992,2499.982993,1.523493695,11.4520658,0.00011,6.723224067,2504.785073,6.594555956,2499.983684,2499.983681,1.355263771,13.77426688,2607.66609,11.63455661,4.932299479,2499.982992,15.73362967,10053.05305,3.297277771,6.658341602,0.000319,5.284974581,2499.99931,66.86814194,3.652096902,2499.983681,2499.977069,2500,2499.955593,27.63515567,6.702352351,1.109056933,0.0,6.741609616,3.765514071,0.008245619,499971.9284,14.16376355,184.2332276,2503.384497,2499.982992,2.585461562,499996.3087,6.292337357,0.000187,6.020209188,2499.99931,0.270549122,0.00032,6.790762547,1.55e-07,6.694854574,2500.825464,6.733027172
37,77,0.062006531,6.861829462,2499.982545,2.18295779,2499.982545,2499.982546,1.486824516,11.80161539,0.000116,6.860189169,2504.874401,6.729346702,2499.983261,2499.983258,1.321542502,13.76476614,2610.298068,11.90201146,5.007666484,2499.982545,15.50388796,10054.31843,3.330981835,6.79267788,0.000332,5.35131655,2499.999287,66.86442144,3.638484703,2499.983258,2499.976285,2500,2499.954612,27.52791183,6.838503267,1.156261557,0.0,6.879310713,3.793238596,0.008493323,499971.194,14.63117032,184.1662979,2503.502328,2499.982545,2.60853397,499996.2089,6.416891562,0.000187,6.136298356,2499.999287,0.266945376,0.000337,6.930428825,1.47e-07,6.831766804,2500.854545,6.871144925
38,78,0.061653732,7.00056624,2499.982096,2.198272861,2499.982096,2499.982097,1.450654961,12.15468805,0.000121,6.996158561,2504.961639,6.863247637,2499.982836,2499.982833,1.290554191,13.75481093,2612.935729,12.16752651,5.081426337,2499.982096,15.2692281,10055.57695,3.362465148,6.925951537,0.000344,5.414515317,2499.999263,66.86004736,3.619538303,2499.982833,2499.975488,2500,2499.953638,27.42144697,6.973640304,1.20395445,0.0,7.016034243,3.818937583,0.008755979,499970.4606,15.09916611,184.0996171,2503.62139,2499.982096,2.630440278,499996.1087,6.540293675,0.000187,6.251149215,2499.999263,0.263610845,0.000354,7.069165603,1.4e-07,6.967724585,2500.884451,7.008309896
39,79,0.061295907,7.138442975,2499.981645,2.21068743,2499.981645,2499.981647,1.415107282,12.51141089,0.000128,7.131198527,2505.046817,6.996327551,2499.982409,2499.982406,1.259818314,13.74445489,2615.579848,12.431201,5.15363298,2499.981645,15.03690259,10056.83605,3.391702532,7.058225112,0.000357,5.474525993,2499.99924,66.85501726,3.595329095,2499.982406,2499.974678,2500,2499.95267,27.31574275,7.107828866,1.252139736,0.0,7.15184736,3.842642104,0.009013272,499969.7282,15.5676879,184.0330432,2503.741688,2499.981645,2.651175889,499996.008,6.662593728,0.000187,6.364812637,2499.99924,0.260533826,0.000374,7.207042338,1.33e-07,7.102794953,2500.915222,7.144589592
40,80,0.060934077,7.275527787,2499.981193,2.220203515,2499.981193,2499.981194,1.380288012,12.87190426,0.000134,7.265374122,2505.12998,7.128653938,2499.98198,2499.981976,1.229337537,13.73374876,2618.230257,12.69318636,5.22433977,2499.981193,14.80688159,10058.09675,3.418670208,7.189560831,0.00037,5.531304754,2499.999216,66.84933045,3.565871933,2499.981976,2499.973853,2500,2499.951708,27.21078354,7.241133155,1.300822331,0.0,7.286815956,3.864379759,0.009279801,499968.9968,16.03668597,183.9664353,2503.863224,2499.981193,2.670775838,499995.9068,6.783842891,0.000187,6.47734008,2499.999216,0.257704113,0.000393,7.34412715,1.26e-07,7.237043702,2500.946881,7.28005072
41,81,0.060568221,7.411887407,2499.980738,2.226769798,2499.980738,2499.98074,1.346288475,13.23530113,0.000142,7.398762642,2505.211323,7.260292912,2499.981549,2499.981546,1.199115024,13.72273917,2620.885804,12.9536289,5.293613803,2499.980738,14.57913993,10059.35943,3.443347232,7.320045882,0.000384,5.584830107,2499.999193,66.84298822,3.531419404,2499.981546,2499.973015,2500,2499.950752,27.10655626,7.373633907,1.350016763,0.0,7.421014469,3.884187874,0.009547091,499968.2655,16.50612333,183.899655,2503.986003,2499.980738,2.690318208,499995.8051,6.904211228,0.000187,6.588825689,2499.999193,0.255127147,0.000414,7.48048677,1.19e-07,7.370544227,2500.979296,7.414764682
42,82,0.060198349,7.547579215,2499.980282,2.230351777,2499.980282,2499.980284,1.313176303,13.60076075,0.000149,7.531428627,2505.291029,7.39130126,2499.981117,2499.981113,1.169160938,13.71143424,2623.544937,13.21266922,5.361532745,2499.980282,14.35368918,10060.62452,3.465713871,7.449751864,0.000397,5.635081234,2499.999169,66.83599335,3.492602177,2499.981113,2499.972165,2500,2499.949802,27.00304989,7.505397795,1.399714965,0.0,7.554505482,3.902107041,0.009819345,499967.5338,16.97597619,183.8326027,2504.11003,2499.980282,2.710364226,499995.703,7.023838504,0.000187,6.699349074,2499.999169,0.252795664,0.000435,7.616178578,1.12e-07,7.50335819,2501.012356,7.548792003
43,83,0.059824439,7.682653957,2499.979825,2.230932072,2499.979825,2499.979827,1.281003519,13.96790251,0.000157,7.663425081,2505.369199,7.521729153,2499.980683,2499.980679,1.139489799,13.69982329,2626.206654,13.47043946,5.428166215,2499.979825,14.13055718,10061.89265,3.485752303,7.578733981,0.000411,5.682025332,2499.999145,66.82835043,3.449878679,2499.980679,2499.971302,2500,2499.948858,26.90025542,7.636478405,1.449899269,0.0,7.687341373,3.918179385,0.01008871,499966.8016,17.4462319,183.7651966,2504.235307,2499.979825,2.731035124,499995.6005,7.142809353,0.000187,6.808965821,2499.999145,0.250692512,0.000457,7.75125332,1.06e-07,7.635537356,2501.046023,7.682184389
44,84,0.059446499,7.817159199,2499.979365,2.228585885,2499.979365,2499.979368,1.249811347,14.3368048,0.000165,7.794799084,2505.44592,7.651623611,2499.980248,2499.980244,1.110117361,13.68789248,2628.870847,13.72706238,5.493571941,2499.979365,13.90976467,10063.16456,3.503446601,7.707038845,0.000424,5.72561844,2499.999121,66.82006648,3.403278655,2499.980244,2499.970426,2500,2499.947922,26.79816602,7.76692267,1.500552878,0.0,7.819569351,3.932448473,0.01034408,499966.0689,17.91688718,183.6973554,2504.361839,2499.979365,2.752324362,499995.4975,7.261164244,0.000187,6.917714589,2499.999121,0.248798254,0.000482,7.885758562,9.91e-08,7.767128536,2501.08027,7.814989112
45,85,0.059064547,7.951141212,2499.978905,2.223314799,2499.978905,2499.978907,1.219630956,14.70754052,0.000173,7.925596466,2505.521246,7.781030394,2499.979811,2499.979807,1.081059137,13.67562926,2631.537421,13.98265208,5.557806215,2499.978905,13.6913201,10064.44095,3.518783043,7.834711884,0.000438,5.765814511,2499.999098,66.81115145,3.352834605,2499.979807,2499.969537,2500,2499.946992,26.69677713,7.896776284,1.551659558,0.0,7.95123536,3.944958026,0.010609075,499965.3356,18.38794682,183.6289924,2504.48963,2499.978905,2.774227961,499995.394,7.378942057,0.000187,7.025632946,2499.999098,0.247098489,0.000506,8.019740575,9.29e-08,7.898177297,2501.115093,7.947252169
46,86,0.058678606,8.084645004,2499.978442,2.215186234,2499.978442,2499.978444,1.19048437,15.08017709,0.000182,8.055861841,2505.595249,7.909993998,2499.979372,2499.979368,1.05233035,13.66317375,2634.206343,14.23731562,5.620923241,2499.978442,13.47519977,10065.72246,3.531751606,7.96179734,0.000452,5.802498376,2499.999074,66.80161859,3.298581799,2499.979368,2499.968634,2500,2499.946068,26.59608633,8.026083737,1.60320362,0.0,8.082384116,3.955752051,0.010874879,499964.6018,18.85942284,183.5598368,2504.618684,2499.978442,2.796811543,499995.29,7.496180024,0.000187,7.13275729,2499.999074,0.245582249,0.00053,8.153244367,8.69e-08,8.028727995,2501.15047,8.079018306
47,87,0.058288696,8.21771435,2499.977778,2.206471953,2499.977778,2499.97778,1.162385365,15.45477795,0.000191,8.184994125,2505.652326,8.038557719,2499.978732,2499.978728,39.42781058,13.6509378,2639.351092,14.39557783,5.681884777,2499.977778,15.61192829,10067.03279,3.545765706,8.08703997,0.000466,5.834564378,2499.99905,66.79148474,3.232885403,2499.978728,2499.967468,2500,2499.944601,26.49609332,8.154075153,1.6551699,0.0,8.212593217,3.964313895,0.011141896,499963.8248,19.33133379,183.4892915,2504.749006,2499.977778,2.792791432,499995.1526,7.609960148,0.000187,7.236958284,2499.99905,0.243552084,0.000556,8.286313713,5.17e-08,8.158406652,2501.197007,8.208792598
48,88,0.057895225,8.350861671,2499.977108,2.194743583,2499.977108,2499.97711,1.136362001,15.83111389,0.0002,8.314062276,2505.70731,8.167234435,2499.978086,2499.978082,38.50444443,13.6389781,2644.530416,14.55334945,5.74238368,2499.977108,17.77168284,10068.35023,3.557686369,8.212073162,0.00048,5.863531883,2499.999026,66.78095533,3.165097584,2499.978082,2499.966278,2500,2499.943134,26.3968929,8.281965447,1.707336187,0.0,8.342777471,3.970829612,0.011410151,499963.0458,19.80324182,183.4171689,2504.880598,2499.977108,2.788291018,499995.0138,7.723399901,0.000187,7.340641508,2499.999026,0.24144172,0.000582,8.419461034,3.06e-08,8.288089772,2501.245541,8.338569143
49,89,0.057498259,8.484145005,2499.976431,2.18019178,2499.976431,2499.976434,1.112299956,16.20920304,0.00021,8.443119709,2505.760115,8.296081811,2499.977433,2499.977429,37.57177789,13.62732157,2649.744911,14.71069222,5.802486792,2499.976431,19.95458302,10069.67563,3.567544719,8.336945633,0.000495,5.889382746,2499.999002,66.77006759,3.095323444,2499.977429,2499.965062,2500,2499.941668,26.29849369,8.409806819,1.759682345,0.0,8.472991571,3.97530492,0.011670964,499962.2647,20.27528635,183.3433264,2505.013464,2499.976431,2.783285102,499994.8735,7.836544068,0.000187,7.443844831,2499.999002,0.239340036,0.000611,8.552744368,1.79e-08,8.417832275,2501.296118,8.468403838
50,90,0.057097892,8.617622213,2499.975748,2.162960122,2499.975748,2499.97575,1.090090601,16.5890613,0.000219,8.572219602,2505.810679,8.425157368,2499.976773,2499.976769,36.62970235,13.61629901,2654.995086,14.86766761,5.862260789,2499.975748,22.16067768,10071.00981,3.575376271,8.461705949,0.000509,5.911966196,2499.998978,66.75886271,3.023667471,2499.976769,2499.96382,2500,2499.940201,26.2009054,8.537651218,1.812188868,0.0,8.603289989,3.977748005,0.011946329,499961.4816,20.74760252,183.2672575,2505.147607,2499.975748,2.777878929,499994.7317,7.949437447,0.000187,7.546606219,2499.998978,0.237305245,0.000638,8.686221576,1.05e-08,8.547688872,2501.348789,8.598352366
51,91,0.056694143,8.751351008,2499.975057,2.143207932,2499.975057,2499.97506,1.069631033,16.97070511,0.000229,8.701414906,2505.858935,8.554518476,2499.976107,2499.976103,35.67812443,13.60589506,2660.281395,15.02433721,5.921770502,2499.975057,24.3901002,10072.35359,3.581222191,8.586401879,0.000524,5.931287274,2499.998955,66.74738599,2.950232127,2499.976103,2499.96255,2500,2499.938734,26.10413865,8.665550346,1.864836879,0.0,8.733726992,3.978169846,0.012203026,499960.6963,21.22032106,183.1888626,2505.283032,2499.975057,2.77201689,499994.5883,8.062123959,0.000187,7.648962456,2499.998955,0.235374794,0.000668,8.819950371,6.05e-09,8.677714065,2501.403632,8.728470211
52,92,0.056287139,8.885389001,2499.97436,2.121085388,2499.97436,2499.974363,1.050824131,17.35414858,0.00024,8.83075842,2505.904879,8.68422245,2499.975434,2499.975429,34.71696046,13.59609607,2665.604287,15.18076243,5.981081186,2499.97436,26.64297513,10073.70777,3.585127301,8.711081588,0.000539,5.94735387,2499.998931,66.73568683,2.875119602,2499.975429,2499.961253,2500,2499.937266,26.00820488,8.793555737,1.91760811,0.0,8.864356707,3.976584592,0.012469626,499959.9089,21.69356834,183.1080365,2505.419743,2499.97436,2.76563944,499994.4433,8.17464829,0.000187,7.750951469,2499.998931,0.233572302,0.000697,8.953988364,3.47e-09,8.807962222,2501.460674,8.85881273
53,93,0.055876983,9.019793697,2499.973655,2.09673702,2499.973655,2499.973659,1.033578404,17.7394035,0.00025,8.960302784,2505.948491,8.814326497,2499.974754,2499.974749,33.74613274,13.58689002,2670.96352,15.33700449,6.04025707,2499.973655,28.91943778,10075.07316,3.587142255,8.835792874,0.000554,5.960176102,2499.998907,66.72381881,2.799079426,2499.974749,2499.959927,2500,2499.935798,25.91311613,8.921718757,1.970484926,0.0,8.995233121,3.973009827,0.012741923,499959.1201,22.16746643,183.0246693,2505.557745,2499.973655,2.758035302,499994.2966,8.28705483,0.000187,7.852610795,2499.998907,0.231912063,0.00073,9.08839306,2.04e-09,8.938487578,2501.519968,8.989435144
54,94,0.055463741,9.154622509,2499.972943,2.070302083,2499.972943,2499.972947,1.017807899,18.1264758,0.00026,9.090100516,2505.989761,8.94488775,2499.974066,2499.974061,149.5247231,13.57828234,2676.356577,15.49312281,6.099361704,2499.972943,31.21962354,10076.45055,3.587322381,8.960583114,0.000568,5.969759793,2499.998883,66.71183963,2.725111188,2499.974061,2499.958571,2500,2499.93433,25.81888497,9.050090644,2.023450331,0.0,9.126410105,3.9674656,0.013021082,499958.3327,22.64213318,182.9386294,2505.697043,2499.972943,2.746251848,499994.1482,8.399387641,0.000187,7.953977541,2499.998883,0.23040224,0.000763,9.223221871,1.19e-09,9.069344311,2501.581564,9.120392568
55,95,0.055047499,9.289932697,2499.972224,2.041913352,2499.972224,2499.972227,1.003431992,18.51535304,0.000271,9.220203998,2506.028681,9.075963204,2499.97337,2499.973365,148.534344,13.5703479,2681.783849,15.64916956,6.158458297,2499.972224,33.54366689,10077.84072,3.585727864,9.085499665,0.000584,5.976085296,2499.998858,66.69981105,2.653265441,2499.973365,2499.957186,2500,2499.932862,25.72552426,9.178722515,2.076487995,0.0,9.257941391,3.95997042,0.013308779,499957.5466,23.11768233,182.8497077,2505.837643,2499.972224,2.730337451,499993.9981,8.511691037,0.000187,8.05508917,2499.998858,0.229046977,0.000796,9.35853206,7.6e-10,9.200586688,2501.645514,9.251739968
56,96,0.054628323,9.425781102,2499.971496,2.013427252,2499.971496,2499.9715,0.990374927,18.90602211,0.000282,9.350665147,2506.065244,9.207609451,2499.972667,2499.972662,147.5340777,13.56315353,2687.24176,15.80519689,6.217609107,2499.971496,35.89170764,10079.257,3.582423757,9.210589212,0.000599,5.979139637,2499.998834,66.68779879,2.583584941,2499.972662,2499.95577,2500,2499.931393,25.63304709,9.307665014,2.129581753,0.0,9.389880259,3.950547197,0.013593645,499956.7619,23.59324403,182.7577023,2505.979834,2499.971496,2.710211208,499993.8461,8.624008776,0.000187,8.155982543,2499.998834,0.227847517,0.000831,9.494380465,4.83e-10,9.332268518,2501.711873,9.383531874
57,97,0.054206408,9.562224184,2499.970761,1.987474373,2499.970761,2499.970765,0.978566434,19.29846675,0.000293,9.481535482,2506.09947,9.339882727,2499.971956,2499.971951,146.5238503,13.55676107,2692.716483,15.9612568,6.276877276,2499.970761,38.26388682,10080.72993,3.577479287,9.335898774,0.000614,5.978917164,2499.99881,66.67587231,2.516104854,2499.971951,2499.954322,2500,2499.929924,25.54146653,9.436968382,2.182715649,0.0,9.522279598,3.939223443,0.013896124,499955.9784,24.06686804,182.6624146,2506.12502,2499.970761,2.68607465,499993.6924,8.736385434,0.000187,8.256695844,2499.99881,0.226803235,0.000865,9.630823547,3.06e-10,9.46444321,2501.780682,9.515822425
58,98,0.053781851,9.699317987,2499.970018,1.96397627,2499.970018,2499.970022,0.967947613,19.69267351,0.000305,9.612866046,2506.131355,9.472838842,2499.971237,2499.971232,145.503587,13.55122076,2698.209159,16.11740188,6.336324081,2499.970018,40.66035717,10082.25819,3.570968291,9.461474227,0.000629,5.975418907,2499.998786,66.664104,2.450851914,2499.971232,2499.952843,2500,2499.928455,25.45079533,9.566682367,2.235874304,0.0,9.655191834,3.926030593,0.014211433,499955.1962,24.53877789,182.5636577,2506.273106,2499.970018,2.657959489,499993.5367,8.848864313,0.000187,8.357265649,2499.998786,0.225911342,0.0009,9.76791735,3.02e-10,9.597163684,2501.851995,9.648665317
59,99,0.053354667,9.837118283,2499.969267,1.942855406,2499.969267,2499.969271,0.958462384,20.08862821,0.000316,9.74470758,2506.160888,9.606533354,2499.97051,2499.970504,144.4732121,13.54657574,2703.720926,16.27368504,6.396009896,2499.969267,43.08127488,10083.84051,3.562968877,9.587360648,0.000645,5.968652511,2499.998763,66.65256969,2.387846169,2499.970504,2499.951316,2500,2499.927001,25.36104604,9.69685641,2.289042507,0.0,9.788669103,3.911005184,0.014520226,499954.4153,25.00919295,182.4612509,2506.424001,2499.969267,2.625892341,499993.3792,8.961487976,0.000187,8.457727618,2499.998763,0.225168895,0.000936,9.905717646,2.97e-10,9.73048255,2501.925872,9.782113962
60,100,0.052925019,9.97568061,2499.968507,1.924030191,2499.968507,2499.968511,0.950057599,20.48631606,0.000328,9.877110566,2506.188071,9.741021612,2499.969774,2499.969768,143.4326477,13.54222081,2709.2529,16.43015962,6.455996127,2499.968507,45.52702909,10085.47563,3.553329538,9.713603663,0.00066,5.958750537,2499.998739,66.64134832,2.327101337,2499.969768,2499.949771,2500,2499.925532,25.27223081,9.827539687,2.342205202,0.0,9.922763287,3.894189033,0.014835403,499953.6355,25.47832806,182.3556812,2506.577615,2499.968507,2.589894556,499993.2197,9.074300027,0.000187,8.558119005,2499.998739,0.224572979,0.000973,10.04427997,2.93e-10,9.864452148,2502.00236,9.916221529
61,101,0.052493039,10.11506028,2499.967739,1.907419368,2499.967739,2499.967743,0.942682994,20.88572153,0.00034,10.01012525,2506.21291,9.876358765,2499.96903,2499.969024,142.3818148,13.5367898,2714.80438,16.58687919,6.516343584,2499.967739,47.99829056,10087.16447,3.541634354,9.840248405,0.000676,5.945989545,2499.998715,66.63052778,2.268625238,2499.969024,2499.948192,2500,2499.924062,25.18436317,9.958781131,2.395347539,0.0,10.05752604,3.87562968,0.015164148,499952.8569,25.94639309,182.2482145,2506.73411,2499.967739,2.550029885,499993.0581,9.187343677,0.000187,8.658476611,2499.998715,0.224120687,0.001007956,10.18365965,2.89e-10,9.99912457,2502.081506,10.05104096
62,102,0.052058883,10.25531235,2499.966962,1.892943092,2499.966962,2499.966967,0.936292388,21.28682942,0.000352,10.14380157,2506.235401,10.01259974,2499.968277,2499.968271,141.3206329,13.53025597,2720.378235,16.74389742,6.577112609,2499.966962,50.49524512,10088.90373,3.527973352,9.967339695,0.000692,5.930407881,2499.998692,66.62021226,2.212420047,2499.968271,2499.946579,2500,2499.922593,25.09745991,10.09062937,2.448454944,0.0,10.19300871,3.855380599,0.015494785,499952.0795,26.41358808,182.138727,2506.893151,2499.966962,2.506259947,499992.8946,9.300661946,0.000187,8.758837085,2499.998692,0.223808955,0.00104545,10.32391171,2.84e-10,10.13455161,2502.163363,10.18662491
63,103,0.051622609,10.39649145,2499.966177,1.880521532,2499.966177,2499.966181,0.930840798,21.68962252,0.000365,10.27818908,2506.255541,10.14979908,2499.967515,2499.967509,140.2490196,13.52259915,2725.975536,16.90126827,6.638362469,2499.966177,53.01807585,10090.69229,3.5124453,10.09492139,0.000707,5.912047973,2499.998668,66.61050975,2.158482493,2499.967509,2499.944916,2500,2499.921139,25.01153731,10.22313264,2.501513003,0.0,10.32926227,3.833500466,0.01582589,499951.3032,26.88011268,182.0270883,2507.054658,2499.966177,2.458590259,499992.7289,9.414296957,0.000187,8.859235997,2499.998668,0.223634974,0.001082262,10.46509082,2.8e-10,10.27078464,2502.247981,10.32302566
64,104,0.05118451,10.53865188,2499.965382,1.870070008,2499.965382,2499.965387,0.926285914,22.09408268,0.000378,10.41333696,2506.273343,10.28801099,2499.966744,2499.966738,139.166891,13.51380694,2731.59732,17.05904618,6.700154026,2499.965382,55.56696527,10092.52904,3.495158213,10.22303831,0.000723,5.890958347,2499.998645,66.6015313,2.106804042,2499.966738,2499.943216,2500,2499.919684,24.92661098,10.3563388,2.554507515,0.0,10.46633731,3.810052956,0.016174289,499950.528,27.34616089,181.9131605,2507.218554,2499.965382,2.407020999,499992.5611,9.528292468,0.000187,8.959711404,2499.998645,0.223595987,0.001120713,10.60725124,2.75e-10,10.40787463,2502.335399,10.46029508
65,105,0.050744562,10.68184751,2499.964579,1.861512577,2499.964579,2499.964583,0.922587922,22.50019072,0.000391,10.54929399,2506.288791,10.42728926,2499.965964,2499.965957,138.0741616,13.50387439,2737.244629,17.21728608,6.762545086,2499.964579,58.14209983,10094.41295,3.476229069,10.35173303,0.000739,5.867189991,2499.998621,66.5933903,2.057371149,2499.965957,2499.94148,2500,2499.91823,24.84269559,10.49029531,2.60742455,0.0,10.60428403,3.785106522,0.016509167,499949.7538,27.81192096,181.7967996,2507.384765,2499.964579,2.351547261,499992.3912,9.64268963,0.000187,9.060297861,2499.998621,0.223689223,0.001161402,10.75044687,1.71e-10,10.54587213,2502.425682,10.59848469
66,106,0.05030304,10.82613187,2499.963766,1.854767086,2499.963766,2499.963771,0.919709599,22.90792641,0.000404,10.68610861,2506.301899,10.56768735,2499.965175,2499.965168,136.9707443,13.49280361,2742.91846,17.37604349,6.825595712,2499.963766,60.7436586,10096.343,3.455781772,10.48104957,0.000755,5.840800756,2499.998598,66.58620187,2.010165801,2499.965168,2499.939724,2500,2499.916759,24.75980479,10.62504931,2.660250392,0.0,10.74315228,3.758734397,0.016859398,499948.9805,28.27757541,181.6778565,2507.553222,2499.963766,2.292159057,499992.2191,9.757531849,0.000187,9.161033282,2499.998598,0.223912115,0.001202026,10.89473124,1.06e-10,10.68482734,2502.518865,10.73764565
67,107,0.049860044,10.97155815,2499.962943,1.84975716,2499.962943,2499.962949,0.917616052,23.31726838,0.000417,10.82382892,2506.312663,10.70925835,2499.964376,2499.964369,135.8565506,13.48060352,2748.619799,17.53537449,6.889364126,2499.962943,63.37182764,10098.31825,3.433947912,10.61103057,0.000771,5.811852167,2499.998574,66.58008198,1.965165734,2499.964369,2499.93793,2500,2499.915287,24.67795106,10.76064759,2.712971609,0.0,10.88299157,3.731014243,0.017220021,499948.2081,28.743301,181.556178,2507.723859,2499.962943,2.228841756,499992.0447,9.872861075,0.000187,9.261953691,2499.998574,0.22426212,0.001240816,11.04015752,6.59e-11,10.82479003,2502.614999,10.87782877
68,108,0.049415725,11.11817919,2499.962111,1.846406612,2499.962111,2499.962117,0.916274726,23.72819408,0.000431,10.96250269,2506.321078,10.85205504,2499.963568,2499.963561,134.7330613,13.46728951,2754.349602,17.69533578,6.953908721,2499.962111,66.026792,10100.33023,3.410865004,10.74171868,0.000787,5.780411117,2499.998551,66.57514677,1.918574841,2499.963561,2499.936082,2500,2499.913831,24.59714556,10.89713661,2.765575026,0.0,11.02385108,3.702028,0.017579217,499947.4366,29.20926882,181.4316077,2507.896612,2499.962111,2.163461327,499991.8681,9.988719635,0.000187,9.363095814,2499.998551,0.224736846,0.001282894,11.18677855,3.88e-11,10.96580965,2502.714142,11.01908452
69,109,0.048970253,11.26604748,2499.96127,1.844635442,2499.96127,2499.961275,0.915655261,24.14065792,0.000444,11.10217769,2506.32715,10.99612985,2499.96275,2499.962743,133.6005609,13.45292354,2760.109081,17.85598768,7.019289405,2499.96127,68.70870447,10102.3762,3.386698053,10.87315699,0.000803,5.74656348,2499.998527,66.57151165,1.86918281,2499.962743,2499.934197,2500,2499.912375,24.51739801,11.03456291,2.818047657,0.0,11.16577989,3.671867509,0.017946927,499946.6654,29.67564434,181.303947,2508.071422,2499.96127,2.096745749,499991.6891,10.10515152,0.000187,9.464498933,2499.998527,0.225334433,0.001325139,11.33464684,2.27e-11,11.1079354,2502.816334,11.1614632
70,110,0.048523718,11.41521511,2499.960418,1.844366013,2499.960418,2499.960424,0.915729306,24.55460812,0.000459,11.24290139,2506.330879,11.14153478,2499.961922,2499.961915,132.4591156,13.43892976,2765.899732,18.01739206,7.085565377,2499.960418,71.41753306,10104.45449,3.361980536,11.00538804,0.000819,5.710404237,2499.998504,66.5692897,1.81597804,2499.961915,2499.932289,2500,2499.910902,24.43871647,11.17297279,2.870377025,0.0,11.30882676,3.640629909,0.018317045,499945.8938,30.14258748,181.1716105,2508.248233,2499.960418,2.02948402,499991.5079,10.22184178,0.000188,9.566202351,2499.998504,0.226052979,0.00136843,11.48381448,1.33e-11,11.25121605,2502.921624,11.30501474
71,111,0.048076245,11.56573373,2499.959557,1.845521709,2499.959557,2499.959563,0.916470422,24.96999097,0.000473,11.38472098,2506.332266,11.28832135,2499.961085,2499.961077,131.3087754,13.42539711,2771.722194,18.17961256,7.152795989,2499.959557,74.15341981,10106.5635,3.336884074,11.13845451,0.000836,5.67203634,2499.99848,66.56857883,1.758832051,2499.961077,2499.930342,2500,2499.909428,24.36110478,11.31241226,2.922551234,0.0,11.45304011,3.608416352,0.018688196,499945.122,30.61025273,181.034393,2508.426992,2499.959557,1.9615952,499991.3243,10.33883573,0.000188,9.668246627,2499.99848,0.226890545,0.001412649,11.63433309,7.73e-12,11.39569997,2503.030062,11.4497887
72,112,0.047677617,11.71765463,2499.958686,1.848026615,2499.958686,2499.958692,0.917854057,25.38674696,0.000487,11.52768344,2506.33134,11.43654074,2499.960237,2499.960229,130.1495953,13.39462067,2777.577055,18.34271295,7.221040552,2499.958686,76.91652351,10108.70166,3.311550973,11.27239924,0.000852,5.631571176,2499.998456,66.56857883,1.6976139,2499.960229,2499.928355,2500,2499.907953,24.3022656,11.45292722,2.974559099,0.0,11.59846812,3.575330926,0.019071658,499944.3501,31.07878929,180.8930846,2508.607651,2499.958686,1.893001026,499991.1383,10.45725353,0.000188,9.769623151,2499.998456,0.227845263,0.001454355,11.78625399,4.49e-12,11.54143528,2503.141666,11.59583436
73,113,0.047372374,11.87102869,2499.957804,1.851806672,2499.957804,2499.957811,0.919857332,25.80481065,0.000502,11.67183555,2506.328128,11.5862437,2499.95938,2499.959372,128.981636,13.36426973,2783.464868,18.50675706,7.290357879,2499.957804,79.70700978,10110.86736,3.286119191,11.40726491,0.000868,5.589128239,2499.998433,66.56857883,1.632191,2499.959372,2499.926607,2500,2499.9062,24.24452487,11.59456334,3.026390147,0.0,11.74515872,3.541480214,0.019460117,499943.578,31.54834126,180.7483886,2508.790162,2499.957804,1.823626136,499990.9499,10.57642381,0.000188,9.871114873,2499.998433,0.228915267,0.001498893,11.93962805,2.6e-12,11.68846977,2503.256459,11.74320069
74,114,0.047165196,12.02590631,2499.956913,1.856791156,2499.956913,2499.956919,0.922458867,26.22411067,0.000516,11.81722378,2506.322627,11.73748046,2499.958512,2499.958504,127.8049639,13.33434256,2789.38615,18.67180859,7.360805704,2499.956913,82.52504714,10113.05897,3.260721338,11.54309359,0.000884,5.544834638,2499.998409,66.56857883,1.562429928,2499.958504,2499.924825,2500,2499.90444,24.18787717,11.73736611,3.078034603,0.0,11.89315946,3.506972786,0.019846584,499942.806,32.01904783,180.6003,2508.974482,2499.956913,1.753398268,499990.7591,10.69631303,0.000188,9.972865771,2499.998409,0.230098664,0.001541878,12.09450567,1.59e-12,11.83685088,2503.374494,11.89193622
75,115,0.047060579,12.18233731,2499.956011,1.862907768,2499.956011,2499.956018,0.925638637,26.64456966,0.000532,11.96389424,2506.314847,11.89030072,2499.957634,2499.957626,126.6196509,13.30483652,2795.373674,18.83793103,7.432442353,2499.956011,85.37080703,10115.27486,3.235484193,11.67992789,0.000901,5.498826377,2499.998385,66.56857883,1.455894934,2499.957626,2499.923009,2500,2499.902674,24.13231569,11.88138067,3.129483362,0.0,12.04251749,3.471918708,0.020230616,499942.0017,32.49104344,180.4488158,2509.160573,2499.956011,1.714550767,499990.5658,10.81670774,0.000188,10.07520225,2499.998385,0.231393538,0.001588343,12.25093668,9.74e-13,11.98662559,2503.495808,12.04208905
76,116,0.047062626,12.33345556,2499.955099,1.870085617,2499.955099,2499.955106,0.929377737,27.06624852,0.000547,12.11189216,2506.304788,12.04475348,2499.956746,2499.956738,125.4236104,13.27419661,2801.393886,19.00522633,7.505324952,2499.955099,88.24420628,10117.53903,3.210719318,11.817809,0.000917,5.451241092,2499.998361,66.56857883,1.355965984,2499.956738,2499.921522,2500,2499.900536,24.0793949,12.02665113,3.180726709,0.0,12.19327913,3.436471111,0.020603447,499941.1996,32.96445797,180.2939353,2509.348397,2499.955099,1.671288419,499990.3701,10.93781922,0.000188,10.17815902,2499.998361,0.23279736,0.001636399,12.40897023,5.96e-13,12.13783878,2503.620449,12.19370649
77,117,0.047174771,12.478095,2499.954176,1.878279286,2499.954176,2499.954183,0.933659827,27.48917864,0.000562,12.26126269,2506.292435,12.20088851,2499.955847,2499.955839,124.2167767,13.2455387,2807.447933,19.17375351,7.579501415,2499.954176,91.14548545,10119.85352,3.186510728,11.9567774,0.000933,5.402162341,2499.998337,66.56857883,1.262907862,2499.955839,2499.920023,2500,2499.89837,24.02597934,12.17322141,3.231760288,0.0,12.34549086,3.400723707,0.020981523,499940.3991,33.4394166,180.1356579,2509.53792,2499.954176,1.624154539,499990.1719,11.05968426,0.000189,10.28177079,2499.998337,0.234307237,0.001684964,12.5686563,2.93e-13,12.29053702,2503.748478,12.34683627
78,118,0.047400209,12.61582018,2499.953243,1.887447073,2499.953243,2499.95325,0.938469865,27.91341074,0.000578,12.41205076,2506.277769,12.35875556,2499.954938,2499.954929,122.9991978,13.21728981,2813.537001,19.34357251,7.654897908,2499.953243,94.07487823,10122.21828,3.16296249,12.09687336,0.000949,5.351667006,2499.998313,66.56857883,1.176233454,2499.954929,2499.918187,2500,2499.896497,23.97362038,12.32113514,3.282579726,0.0,12.49919901,3.364769367,0.021381631,499939.6,33.91604098,179.9739848,2509.72911,2499.953243,1.57368577,499989.9712,11.18244821,0.000189,10.38607126,2499.998313,0.235920738,0.001732623,12.73004481,1.45e-13,12.44476667,2503.879959,12.50152599
79,119,0.04774164,12.74620996,2499.952298,1.897553827,2499.952298,2499.952306,0.943794183,28.33900278,0.000593,12.56430132,2506.260747,12.51840452,2499.954018,2499.954009,121.7709153,13.18943974,2819.662251,19.51474425,7.7314377,2499.952298,97.03261783,10124.6333,3.140180359,12.23813615,0.000966,5.299830198,2499.998289,66.56857883,1.095476145,2499.954009,2499.916628,2500,2499.894303,23.92230573,12.47043594,3.333179874,0.0,12.65444996,3.328700643,0.021786599,499938.8019,34.39444936,179.8089179,2509.921939,2499.952298,1.520377932,499989.7678,11.30626051,0.000189,10.49109203,2499.998289,0.237636094,0.001780817,12.89318588,1.25e-13,12.60057417,2504.014979,12.65782339
80,120,0.048201483,12.88039813,2499.951343,1.908565008,2499.951343,2499.951351,0.949620542,28.76384075,0.000609,12.71805951,2506.23989,12.67411523,2499.953087,2499.953078,120.5281174,13.16197978,2825.828507,19.68733063,7.809177266,2499.951343,100.0189401,10127.08996,3.118252316,12.38060558,0.000982,5.246726958,2499.998265,66.56857883,1.02019089,2499.953078,2499.915039,2500,2499.892096,23.87202211,12.6211676,3.383554857,0.000477,12.81129032,3.292609348,0.022673695,499938.0029,34.874757,179.6404602,2510.116379,2499.951343,1.465572715,499989.5619,11.43115936,0.000189,10.59686532,2499.998265,0.239452139,0.001829538,13.0581299,1.08e-13,12.75800614,2504.155062,12.81577643
81,121,0.048781683,13.01884056,2499.950377,1.920456435,2499.950377,2499.950384,0.955938059,29.17348835,0.000625,12.87337049,2506.21505,12.82559029,2499.952145,2499.952136,119.2698132,13.13490159,2832.058596,19.86139536,7.888176598,2499.950377,103.0365475,10129.58662,3.097280233,12.52432031,0.000998,5.192421903,2499.99824,66.56857883,0.952602495,2499.952136,2499.913094,2500,2499.8902,23.82275538,12.7733738,3.433698976,0.004376543,12.96976681,3.256576333,0.027144948,499937.1959,35.35720792,179.4686151,2510.312389,2499.950377,1.4129728,499989.3532,11.55718042,0.000189,10.7034194,2499.99824,0.241367638,0.001881283,13.22492765,9.39e-14,12.9171093,2504.300395,12.97543327
82,122,0.049483439,13.16049531,2499.949398,1.933244807,2499.949398,2499.949406,0.962737275,29.56910214,0.000646,13.03027835,2506.186526,12.97373838,2499.951192,2499.951182,117.9909982,13.10663221,2838.347377,20.03700622,7.968496821,2499.949398,106.1034273,10132.1155,3.077751991,12.66931398,0.00101471,5.136915957,2499.998216,66.56857883,0.895239694,2499.951182,2499.911094,2500,2499.888311,23.77605604,12.92709672,3.483606695,0.009620229,13.12992556,3.220619865,0.034540884,499936.3881,35.84294452,179.2933866,2510.510043,2499.949398,1.36003329,499989.1418,11.68434686,0.00019,10.81076382,2499.998216,0.243378896,0.001945422,13.39363061,8.17e-14,13.07792983,2504.450714,13.13684184
83,123,0.050215131,13.30468526,2499.948408,1.946939911,2499.948408,2499.948417,0.97001058,29.95185368,0.000673,13.18882903,2506.154334,13.11907973,2499.950227,2499.950217,116.6923533,13.08031128,2844.688694,20.21423066,8.050409988,2499.948408,109.2206846,10134.67298,3.05963077,12.81562234,0.001031018,5.080207716,2499.998191,66.56857883,0.847240823,2499.950217,2499.909072,2500,2499.886398,23.72877592,13.08238029,3.533273071,0.015210801,13.29181464,3.184800416,0.044288576,499935.5814,36.33245449,179.1147755,2510.709379,2499.948408,1.307115852,499988.9275,11.81268493,0.00019,10.91891166,2499.998191,0.245485992,0.002028617,13.56429236,7.12e-14,13.2405159,2504.606047,13.30005597
84,124,0.050983585,13.45099481,2499.947407,1.96154324,2499.947407,2499.947416,0.977750186,30.32288067,0.000707,13.34907042,2506.118401,13.26193254,2499.949251,2499.949241,115.3759919,13.05436246,2851.075119,20.39313845,8.13395375,2499.947407,112.3842602,10137.25827,3.043035804,12.96328375,0.001047323,5.02229794,2499.998166,66.56857883,0.807518516,2499.949241,2499.907011,2500,2499.884479,23.68246309,13.23927033,3.582694984,0.020773479,13.45548414,3.149197926,0.055928558,499934.7768,36.8258976,178.9327829,2510.91039,2499.947407,1.254506587,499988.7105,11.94222435,0.00019,11.02788001,2499.998166,0.247693515,0.002136706,13.73696872,6.22e-14,13.40491777,2504.766515,13.46513161
85,125,0.051843321,13.59913174,2499.946394,1.977056079,2499.946394,2499.946403,0.985949612,30.68324612,0.000752,13.51105214,2506.078602,13.4025234,2499.948264,2499.948253,114.0429607,13.02716039,2857.506294,20.57380132,8.219163762,2499.946394,115.5907376,10139.88091,3.028190867,13.11233756,0.001063625,4.963190596,2499.998141,66.56857883,0.774658836,2499.948253,2499.904894,2500,2499.882568,23.63866422,13.39781433,3.631869751,0.026940311,13.62098595,3.113909332,0.069023696,499933.9723,37.32213352,178.7474083,2511.113057,2499.946394,1.202454512,499988.4905,12.07299618,0.00019,11.13768716,2499.998141,0.250008369,0.002280047,13.91171749,5.45e-14,13.57118749,2504.932279,13.63212182
86,126,0.052834098,13.74866534,2499.945368,1.993480245,2499.945368,2499.945378,0.994608219,31.03388215,0.000808,13.67482587,2506.034845,13.54120149,2499.947264,2499.947252,112.6992876,13.00022418,2863.990845,20.75629316,8.306079351,2499.945368,118.8205168,10142.54066,3.015263246,13.26282593,0.001079924,4.902899546,2499.998116,66.56857883,0.746492257,2499.947252,2499.902735,2500,2499.880649,23.59579496,13.55806179,3.680794777,0.035381136,13.78837407,3.079075502,0.083291102,499933.1613,37.82130603,178.5586489,2511.317376,2499.945368,1.15111496,499988.2674,12.20503525,0.00019,11.24835592,2499.998116,0.252436099,0.00245854,14.08859869,4.78e-14,13.73937922,2505.103463,13.80108195
87,127,0.053954006,13.89874548,2499.944329,2.010813768,2499.944329,2499.94434,1.003727509,31.37546868,0.000875,13.8404455,2505.987153,13.67866314,2499.946252,2499.946239,111.3446513,12.9751147,2870.530944,20.94068987,8.394742766,2499.944329,122.0751776,10145.23721,3.004297836,13.41479353,0.001096219,4.841457817,2499.99809,66.56857883,0.722409484,2499.946239,2499.900551,2500,2499.878705,23.55227118,13.72006443,3.729467516,0.045831239,13.95770472,3.044761117,0.098557501,499932.3438,38.32364517,178.3664993,2511.523382,2499.944329,1.10052297,499988.0413,12.33837999,0.000191,11.3599135,2499.99809,0.25498197,0.002677214,14.26767458,4.2e-14,13.90954938,2505.280081,13.97206978
88,128,0.055201009,14.04857529,2499.943278,2.029051467,2499.943278,2499.94329,1.013310468,31.70862362,0.000955,14.00796687,2505.935525,13.81556226,2499.945227,2499.945213,109.9787685,12.95026355,2877.132339,21.12706911,8.481714279,2499.943278,125.3560948,10147.97043,2.992890101,13.56828749,0.001112512,4.778904478,2499.998064,66.56857883,0.701873884,2499.945213,2499.898323,2500,2499.876752,23.50963731,13.88387583,3.777885627,0.058091134,14.1290361,3.011030808,0.114704084,499931.5188,38.82917075,178.1709522,2511.731017,2499.943278,1.054185618,499987.8118,12.47307193,0.000191,11.47239054,2499.998064,0.257650821,0.002929164,14.44900953,3.7e-14,14.08175639,2505.462179,14.14514523
89,129,0.056578547,14.19739762,2499.942212,2.048195294,2499.942212,2499.942224,1.023361294,32.03450499,0.001046608,14.1774467,2505.879899,13.95269146,2499.944187,2499.944174,108.6014084,12.92567596,2883.799978,21.31551169,8.563575831,2499.942212,128.6644964,10150.74051,2.978685722,13.7233538,0.001128798,4.715245674,2499.998039,66.56857883,0.68441509,2499.944174,2499.896051,2500,2499.874788,23.46791267,14.0495502,3.825948755,0.071956657,14.30242764,2.97794997,0.131373266,499930.6858,39.33752818,177.9720186,2511.940089,2499.942212,1.015079878,499987.5791,12.60914884,0.000191,11.58581149,2499.998039,0.26044591,0.003230851,14.63267,3.23e-14,14.25605993,2505.649858,14.32036984
90,130,0.058095913,14.34449922,2499.941133,2.068245435,2499.941133,2499.941145,1.033885148,32.35450509,0.001151512,14.34894252,2505.820307,14.0909662,2499.943134,2499.94312,107.2123845,12.89980222,2890.534146,21.50610091,8.640615022,2499.941133,132.001415,10153.54783,2.962079705,13.88003878,0.001145072,4.650459286,2499.998013,66.56857883,0.669621667,2499.94312,2499.894094,2500,2499.872452,23.42872015,14.2171422,3.873650855,0.087075441,14.4779399,2.945582947,0.148269318,499929.8454,39.84882185,177.7697327,2512.150581,2499.941133,0.982112651,499987.3428,12.7466472,0.000191,11.70019806,2499.998013,0.263369742,0.003574819,14.81872442,2.83e-14,14.43252092,2505.843133,14.49780669
91,131,0.059761614,14.48925924,2499.940038,2.089198324,2499.940038,2499.94005,1.044887752,32.6698053,0.001269211,14.52251348,2505.756831,14.23118891,2499.942066,2499.942052,105.8115195,12.87577504,2897.333127,21.69892066,8.717390228,2499.940038,135.3677139,10156.39292,2.943625966,14.03839044,0.001161328,4.580922253,2499.997986,66.56857883,0.657133832,2499.942052,2499.891734,2500,2499.870461,23.38893054,14.38670807,3.921006516,0.103142595,14.6556351,2.913990014,0.165236244,499929.0011,40.36316258,177.5641336,2512.362479,2499.940038,0.954377689,499987.103,12.88560623,0.000191,11.8155751,2499.997986,0.266425628,0.003960738,15.00724304,2.48e-14,14.61120196,2506.041974,14.67752065
92,132,0.061582871,14.63114106,2499.938929,2.111040878,2499.938929,2499.938941,1.056375261,32.98142917,0.001399475,14.69822017,2505.68952,14.37406106,2499.940983,2499.940969,104.3986434,12.85203705,2904.196625,21.89405553,8.795703945,2499.938929,138.7641269,10159.27624,2.923686939,14.19845815,0.001177562,4.505342183,2499.99796,66.56857883,0.646637974,2499.940969,2499.889328,2500,2499.868457,23.35009748,14.55830545,3.968025012,0.119899336,14.83557699,2.883226893,0.182165946,499928.1544,40.88066664,177.3552633,2512.575767,2499.938929,0.931093667,499986.8596,13.02606929,0.000192,11.93197286,2499.99796,0.269617192,0.004387857,15.1982978,2.18e-14,14.79216726,2506.246381,14.85957823
93,133,0.063566017,14.76968318,2499.937804,2.133755717,2499.937804,2499.937816,1.068354085,33.29013102,0.00154199,14.87612463,2505.618398,14.52019402,2499.939885,2499.939871,102.973591,12.82859036,2911.125131,22.09159088,8.875682895,2499.937804,142.1912811,10162.19823,2.902494232,14.36029255,0.001193768,4.423908082,2499.997933,66.56857883,0.637861546,2499.939871,2499.886873,2500,2499.86644,23.31221008,14.73199334,4.014617897,0.137197148,15.01783084,2.853344652,0.198986692,499927.3055,41.40152728,177.1431672,2512.790443,2499.937804,0.911591027,499986.6124,13.16808255,0.000192,12.04942492,2499.997933,0.272948076,0.004855146,15.39196234,1.92e-14,14.97548256,2506.45639,15.04404762
94,134,0.06571676,14.90446663,2499.936664,2.157324771,2499.936664,2499.936676,1.080831149,33.59670328,0.00169639,15.05629024,2505.543467,14.66816271,2499.938771,2499.938758,101.5362034,12.80388253,2918.116785,22.29161284,8.957355181,2499.936664,145.6497266,10165.15943,2.881827013,14.52394538,0.001209942,4.338110868,2499.997906,66.56857883,0.630568112,2499.938758,2499.884352,2500,2499.864426,23.27680848,14.907832,4.06079713,0.154835873,15.2024633,2.824389244,0.215654893,499926.4545,41.92598158,176.9278942,2513.00651,2499.936664,0.895297033,499986.3615,13.31169393,0.000192,12.16796666,2499.997906,0.276421711,0.005361403,15.58831188,1.7e-14,15.16121508,2506.672056,15.23099849
95,135,0.068036192,15.03513564,2499.935507,2.18173832,2499.935507,2499.935519,1.093814063,33.90184491,0.001862281,15.2387816,2505.464681,14.81402136,2499.937642,2499.937628,100.086323,12.77946499,2925.168908,22.49420867,9.040750762,2499.935507,149.1399492,10168.16048,2.865336361,14.68946941,0.001226083,4.251038869,2499.997879,66.56857883,0.624552843,2499.937628,2499.88178,2500,2499.862398,23.24231522,15.08588289,4.10657319,0.172640431,15.38954237,2.79640032,0.232154142,499925.6012,42.4541386,176.709483,2513.22396,2499.935507,0.881718415,499986.1066,13.45695214,0.000192,12.28763376,2499.997879,0.280041291,0.005905338,15.78742315,1.5e-14,15.34943336,2506.893485,15.42050196
96,136,0.070515882,15.16139369,2499.934334,2.207006313,2499.934334,2499.934346,1.107311126,34.20434361,0.002039264,15.42366524,2505.381921,14.96008499,2499.936496,2499.936482,98.6237908,12.75687192,2932.28398,22.69946792,9.125900217,2499.934334,152.6623816,10171.20227,2.852926053,14.856919,0.001242194,4.162724576,2499.997852,66.56857883,0.619639102,2499.936482,2499.879581,2500,2499.859931,23.20714515,15.26620929,4.151955278,0.190458973,15.57913798,2.769410714,0.248496242,499924.7441,42.98610806,176.4879409,2513.442782,2499.934334,0.870435339,499985.8477,13.60390614,0.000193,12.40846102,2499.997852,0.283810522,0.006485645,15.98937507,1.33e-14,15.54020795,2507.120851,15.61263123
97,137,0.07314744,15.28300023,2499.933144,2.233138793,2499.933144,2499.933156,1.121332646,34.50063905,0.002226958,15.61101074,2505.295048,15.11086094,2499.935333,2499.93532,97.14844615,12.73454172,2939.466776,22.90748275,9.212838227,2499.933144,156.2174077,10174.2857,2.844506767,15.02635132,0.001258276,4.073207964,2499.997824,66.56857883,0.615677072,2499.93532,2499.87692,2500,2499.857859,23.17281015,15.44887747,4.196951501,0.208160248,15.77132329,2.743451546,0.26469939,499923.8794,43.52200103,176.2632697,2513.66297,2499.933144,0.861092837,499985.5847,13.752608,0.000193,12.5304862,2499.997824,0.287734518,0.00710107,16.19424993,1.18e-14,15.73361262,2507.354351,15.80746281
98,138,0.075922538,15.3997663,2499.931936,2.260146149,2499.931936,2499.931948,1.135890616,34.79125896,0.002425003,15.80089077,2505.203906,15.26663347,2499.934153,2499.93414,95.66012558,12.71246199,2946.717937,23.11834799,9.301603196,2499.931936,159.8053718,10177.41173,2.839995536,15.1978262,0.001274332,3.982535574,2499.997796,66.56857883,0.612540081,2499.93414,2499.874205,2500,2499.855772,23.13927427,15.6339567,4.241569054,0.22563096,15.96617454,2.718551996,0.280785792,499923.0076,44.06193034,176.0354654,2513.884516,2499.931936,0.853391728,499985.3175,13.90311276,0.000193,12.65374973,2499.997796,0.291819256,0.007750434,16.40213341,1.05e-14,15.92972433,2507.5942,16.00507647
99,139,0.078832931,15.51155061,2499.93071,2.288039343,2499.93071,2499.930722,1.150998476,35.07666429,0.00263306,15.99338092,2505.108325,15.42763671,2499.932956,2499.932942,94.15884304,12.68908131,2954.037614,23.33216115,9.392236926,2499.93071,163.4261165,10180.58137,2.83931521,15.3714061,0.001290366,3.890759675,2499.997768,66.56857883,0.610126573,2499.932942,2499.871417,2500,2499.853685,23.10804209,15.82151911,4.285814382,0.242774401,16.16377106,2.694739107,0.296779851,499922.1288,44.60601089,175.8045184,2514.107412,2499.93071,0.847080637,499985.0459,14.05547825,0.000193,12.7782946,2499.997768,0.29607124,0.008432628,16.61311445,9.36e-15,16.12862311,2507.840634,16.20555538
100,140,0.08187047,15.61825534,2499.929467,2.316828877,2499.929467,2499.929479,1.166670804,35.3573215,0.002850818,16.18855974,2505.008117,15.59405988,2499.93174,2499.931727,92.64476822,12.66592828,2961.425319,23.54902248,9.484784694,2499.929467,167.0790442,10183.79567,2.842393693,15.54715601,0.00130638,3.797937767,2499.99774,66.56857883,0.608355501,2499.931727,2499.868571,2500,2499.851584,23.07753969,16.01163965,4.329693318,0.259485806,16.36419521,2.672037535,0.312683752,499921.2436,45.1543601,175.5704132,2514.331651,2499.929467,0.841948905,499984.7699,14.20976543,0.000193,12.90416656,2499.99774,0.3004976,0.009146628,16.8272853,8.36e-15,16.3303921,2508.093906,16.40898614
101,141,0.085027117,15.71983131,2499.928204,2.346520645,2499.928204,2499.928216,1.182923221,35.6339275,0.00307797,16.38650865,2504.903079,15.76604446,2499.930506,2499.930493,91.11770937,12.64452592,2968.880646,23.76903499,9.579296419,2499.928204,170.7644507,10187.05573,2.849162941,15.72514343,0.001322377,3.704133179,2499.997711,66.56857883,0.607148221,2499.930493,2499.865682,2500,2499.849452,23.04620028,16.20439609,4.373211185,0.275568909,16.56753232,2.650469401,0.328396242,499920.3522,45.70709826,175.3331285,2514.557226,2499.928204,0.837820524,499984.4894,14.36603975,0.000194,13.03141547,2499.997711,0.305106517,0.00989143,17.04474148,7.48e-15,16.53511746,2508.354288,16.61545792
102,142,0.088294978,15.81631828,2499.926922,2.377127979,2499.926922,2499.926934,1.199773105,35.90679501,0.003314141,16.58731202,2504.792984,15.94365206,2499.929254,2499.92924,89.5774544,12.62332516,2976.404425,23.99230452,9.675822895,2499.926922,174.4826062,10190.36273,2.859557523,15.90543846,0.001338359,3.609410863,2499.997682,66.56857883,0.606439438,2499.92924,2499.862732,2500,2499.847304,23.01553072,16.39986903,4.416372812,0.290975719,16.77387079,2.630054681,0.343960053,499919.4549,46.26434837,175.0926372,2514.784131,2499.926922,0.834549523,499984.2043,14.52436705,0.000194,13.16009135,2499.997682,0.309905072,0.010665805,17.26558181,6.71e-15,16.74288844,2508.622077,16.82506307
103,143,0.091666307,15.90779013,2499.925621,2.40866547,2499.925621,2499.925633,1.217238617,36.1762047,0.003558994,16.79105713,2504.677591,16.12691094,2499.927981,2499.927968,88.0237829,12.60231433,2983.997519,24.21893986,9.774417433,2499.925621,178.2337762,10193.7179,2.873516347,16.08811369,0.001354331,3.513838927,2499.997653,66.56857883,0.606174589,2499.927968,2499.859719,2500,2499.845141,22.98550214,16.59814188,4.459182705,0.305667777,16.98330202,2.610810812,0.359414643,499918.5518,46.82623657,174.8489064,2515.012359,2499.925621,0.832014722,499983.9144,14.68481566,0.000194,13.29024623,2499.997653,0.314900578,0.011468647,17.48990846,6.02e-15,16.95379736,2508.897587,17.03789708
104,144,0.095133515,15.99435233,2499.9243,2.441149015,2499.9243,2499.924312,1.235338664,36.44241157,0.003812226,16.99783419,2504.556649,16.31581923,2499.926689,2499.926676,86.45646607,12.58148201,2991.660825,24.44905274,9.875135746,2499.9243,182.018223,10197.12251,2.890982224,16.27324416,0.001370294,3.417488163,2499.997624,66.56857883,0.606308187,2499.926676,2499.856642,2500,2499.842962,22.95608691,16.79930086,4.501645105,0.319614903,17.1959205,2.592752707,0.374796108,499917.6431,47.39289228,174.6018972,2515.241903,2499.9243,0.830115823,499983.6196,14.84745631,0.000194,13.42193412,2499.997624,0.320100567,0.012298964,17.71782696,5.42e-15,17.16793967,2509.181147,17.25405865
105,145,0.098689178,16.07613965,2499.922958,2.474595862,2499.922958,2499.92297,1.254092868,36.7056504,0.004073566,17.2077364,2504.429891,16.51034757,2499.925377,2499.925364,84.87526663,12.56081711,2999.395272,24.68275796,9.978035872,2499.922958,185.8362076,10200.57788,2.911901489,16.4609074,0.001386252,3.32043163,2499.997594,66.56857883,0.606802381,2499.925364,2499.853498,2500,2499.840767,22.92725864,17.00343506,4.543764047,0.332794125,17.4118238,2.575892794,0.390137187,499916.7288,47.96444838,174.3515649,2515.472759,2499.922958,0.828770067,499983.3199,15.0123622,0.000195,13.55521095,2499.997594,0.325512796,0.013155864,17.94944624,4.88e-15,17.38541392,2509.473101,17.47364969
106,146,0.102326046,16.15331418,2499.921595,2.509024637,2499.921595,2499.921607,1.273521559,36.96614027,0.004342768,17.42085995,2504.297039,16.71044162,2499.924044,2499.92403,83.27993876,12.54030886,3007.201816,24.92017347,10.0831781,2499.921595,189.6879901,10204.08537,2.936223663,16.65118344,0.001402208,3.222744282,2499.997564,66.56857883,0.607625733,2499.92403,2499.850287,2500,2499.838556,22.89899215,17.21063647,4.585543398,0.345188758,17.63111261,2.560241076,0.405467336,499915.809,48.54104136,174.0978591,2515.704918,2499.921595,0.827909364,499983.0149,15.17960893,0.000195,13.69013457,2499.997564,0.331145261,0.014038545,18.18487872,4.41e-15,17.60632187,2509.773808,17.6967754
107,147,0.106037046,16.2260635,2499.92021,2.544455371,2499.92021,2499.920222,1.293645776,37.22408846,0.004619612,17.63730409,2504.157804,16.91602423,2499.922689,2499.922676,81.67022806,27.15412918,3015.081443,25.16142044,10.19062495,2499.92021,193.5738314,10207.6464,2.963901172,16.84415488,0.001418164,3.124502645,2499.997534,135.0791063,0.608752164,2499.922676,2499.847006,2500,2499.836328,56.00653088,17.42099998,4.626986896,0.356787594,17.85389086,2.545805219,0.420812851,499914.8838,49.12281145,320.9883356,2515.938375,2499.92021,0.827477855,499982.7047,15.34927455,0.000195,13.8267647,2499.997534,0.337006219,0.014946281,18.42424037,3.98e-15,17.83076852,2510.083639,17.9235443
108,148,0.109815288,16.29459907,2499.918803,2.58090952,2499.918803,2499.918815,1.314487275,37.47969361,0.004903896,17.85717118,2504.011884,17.12699729,2499.921313,2499.921299,80.04587151,27.1339032,3023.035162,25.40662337,10.3004411,2499.918803,197.4939932,10211.26241,2.994889099,17.03990688,0.001434124,3.025784522,2499.997504,135.0791063,0.610160068,2499.921299,2499.843653,2500,2499.834084,55.97931683,17.63462349,4.668098178,0.367584223,18.08026567,2.532590648,0.436197014,499913.9532,49.70990274,320.7277075,2516.173123,2499.918803,0.827429844,499982.3892,15.5214396,0.000196,13.96516297,2499.997504,0.343104212,0.015878414,18.66765076,3.61e-15,18.05886215,2510.402984,18.15406834
109,149,0.113654068,16.35915477,2499.917373,2.618409983,2499.917373,2499.917385,1.336068553,37.73314849,0.005195439,18.08056677,2503.858966,17.34324349,2499.919914,2499.9199,78.40659745,27.112271,3031.06401,25.65591019,10.41269342,2499.917373,201.4487388,10214.93495,3.029144987,17.23852722,0.00145009,2.926668748,2499.997473,135.0791063,0.611831554,2499.9199,2499.84021,2500,2499.831838,55.95412809,17.85160792,4.708880804,0.377576427,18.31034755,2.520600658,0.451640272,499913.0173,50.30246336,320.4635189,2516.409157,2499.917373,0.827728048,499982.068,15.69618707,0.000196,14.10539287,2499.997473,0.349448091,0.016834345,18.91523318,3.27e-15,18.29071443,2510.732244,18.38846292
110,150,0.11754687,16.41998556,2499.91592,2.656981116,2499.91592,2499.915932,1.358412869,37.9846421,0.005494072,18.30759964,2503.698727,17.56462785,2499.918492,2499.918478,76.75212558,27.09228808,3039.169052,25.90941239,10.52745094,2499.91592,205.4383335,10218.66557,3.066628668,17.44010638,0.001466065,2.827234964,2499.997441,135.0791063,0.613751812,2499.918478,2499.836707,2500,2499.829559,55.9278787,18.0720573,4.749338272,0.386765664,18.54425034,2.509836551,0.467160414,499912.0762,50.90064559,320.1956955,2516.64647,2499.91592,0.828342125,499981.7412,15.8736025,0.000196,14.24751982,2499.997441,0.356047044,0.017813525,19.16711469,2.97e-15,18.52644048,2511.071834,18.62684701
111,151,0.121487365,16.47736626,2499.914443,2.696473907,2499.914443,2499.914455,1.381544275,38.23546619,0.00579964,18.538403,2503.530829,17.79103527,2499.917047,2499.917033,75.08216688,27.07087818,3047.350172,26.16726507,10.64484754,2499.914443,209.463045,10222.45591,3.106680818,17.6447807,0.001482053,2.727613331,2499.99741,135.0791063,0.61590858,2499.917033,2499.833112,2500,2499.827279,55.9036158,18.29610587,4.78947404,0.395156615,18.7821069,2.500297759,0.482772759,499911.1301,51.50460598,319.9241571,2516.885054,2499.914443,0.829247439,499981.4086,16.05383116,0.000196,14.39169165,2499.99741,0.362933507,0.018815446,19.42342626,2.7e-15,18.76617279,2511.422185,18.86935418
112,152,0.125470989,16.53157657,2499.912943,2.736857793,2499.912943,2499.912955,1.405474777,38.48613068,0.006112004,18.77308903,2503.354942,18.02230406,2499.915578,2499.915565,73.39643018,27.05110239,3055.608032,26.42959591,10.76496842,2499.912943,213.5231428,10226.30775,3.14909012,17.85265104,0.001498055,2.627890987,2499.997378,135.0791063,0.618292503,2499.915565,2499.829959,2500,2499.824462,55.87825278,18.52386293,4.829291759,0.402755876,19.02403272,2.492007357,0.498487994,499910.1792,52.11450105,319.6488232,2517.124908,2499.912943,0.830427158,499981.0703,16.2369738,0.000196,14.53799628,2499.997378,0.370107434,0.019839648,19.68429166,2.46e-15,19.0100276,2511.783733,19.1161037
113,153,0.129493802,16.58290953,2499.911418,2.778142938,2499.911418,2499.91143,1.4302149,38.73688959,0.006431032,19.01176531,2503.17072,18.25824835,2499.914085,2499.914072,71.69461256,27.03141853,3063.943568,26.69653282,10.88788405,2499.911418,217.6188996,10230.22297,3.193792762,18.06380838,0.001514074,2.528141163,2499.997346,135.0791063,0.620895806,2499.914072,2499.826734,2500,2499.821619,55.85330809,18.75543182,4.868795105,0.409572557,19.27014006,2.484990817,0.514314625,499909.2235,52.73048828,319.3696098,2517.366028,2499.911418,0.831868107,499980.726,16.42311809,0.000197,14.68650293,2499.997346,0.377564577,0.020885701,19.94983515,2.25e-15,19.25811832,2512.156926,19.36721269
114,154,0.133552109,16.63159006,2499.909868,2.820340525,2499.909868,2499.90988,1.455776978,38.98800317,0.006756599,19.25456404,2502.978543,18.49915688,2499.912569,2499.912555,69.97687883,27.01181935,3072.357736,26.96820669,11.01373014,2499.909868,221.750592,10234.19918,3.240723788,18.27838964,0.001530112,2.428487479,2499.997313,135.0791063,0.623711769,2499.912555,2499.823438,2500,2499.818751,55.82876631,18.99094581,4.907987733,0.415618257,19.52055968,2.479302305,0.530259774,499908.263,53.3527269,319.086429,2517.608413,2499.909868,0.833559263,499980.3758,16.61239668,0.000197,14.83734887,2499.997313,0.385328663,0.021953194,20.22018411,2.05e-15,19.51057523,2512.541487,19.62280964
115,155,0.137642341,16.67786145,2499.908295,2.863460974,2499.908295,2499.908307,1.482158763,39.23972772,0.007088589,19.50161132,2502.778982,18.74537807,2499.911028,2499.911014,68.24350485,26.9922978,3080.851509,27.24473635,11.14264678,2499.908295,225.9184991,10238.23285,3.289813398,18.49653131,0.001546171,2.329051261,2499.99728,135.0791063,0.626732166,2499.911014,2499.820071,2500,2499.815857,55.80461269,19.23053348,4.94687348,0.420911685,19.77541461,2.474981737,0.546328666,499907.2977,53.98138134,318.7991882,2517.852062,2499.908295,0.835491145,499980.0197,16.80494132,0.000197,14.99067667,2499.99728,0.393412057,0.023041746,20.4954541,1.88e-15,19.76752046,2512.936951,19.88301332
116,156,0.141761048,16.72209146,2499.906696,2.907513512,2499.906696,2499.906708,1.509342321,39.49231003,0.007426894,19.75299692,2502.57187,18.99670427,2499.909463,2499.909449,66.49427436,26.97284711,3089.425879,27.52622571,11.27469651,2499.906696,230.1229027,10242.3247,3.340987285,18.71831219,0.001562252,2.229885775,2499.997247,135.0791063,0.629947271,2499.909449,2499.816632,2500,2499.812935,55.78083306,19.47428176,4.985456375,0.425479529,20.03479768,2.47201182,0.562525167,499906.3278,54.61661945,318.5077902,2518.096971,2499.906696,0.83765534,499979.6576,17.00082671,0.000197,15.14654846,2499.997247,0.401788457,0.024151007,20.77574587,1.72e-15,20.02904759,2513.343594,20.14791953
117,157,0.145905038,16.76465708,2499.905073,2.952508028,2499.905073,2499.905085,1.537313555,39.74599455,0.007771412,20.00881179,2502.357026,19.25292096,2499.907873,2499.90786,64.72895821,26.95346077,3098.081861,27.81277984,11.40994259,2499.905073,234.3640883,10246.4755,3.394172125,18.94381202,0.001578358,2.131043249,2499.997213,135.0791063,0.633348899,2499.90786,2499.81312,2500,2499.809987,55.75741394,19.72227867,5.023740411,0.429350958,20.29880293,2.470372796,0.578853095,499905.3531,55.25860667,318.2121338,2518.343141,2499.905073,0.840044487,499979.2894,17.20012837,0.000198,15.30502699,2499.997213,0.410442869,0.025280637,21.06116153,1.58e-15,20.29525139,2513.761693,20.4176253
118,158,0.150071371,16.80594213,2499.903424,2.998455099,2499.903424,2499.903436,1.566061691,40.00102373,0.00812204,20.269148,2502.134259,19.51380869,2499.906258,2499.906245,62.94731804,26.93413255,3106.820489,28.10450502,11.54844898,2499.903424,238.642345,10250.68608,3.449295814,19.17311149,0.001594491,2.032574797,2499.997179,135.0791063,0.636930108,2499.906245,2499.809534,2500,2499.807011,55.7343425,19.97461332,5.061729545,0.43255704,20.56752559,2.470042762,0.595316128,499904.3737,55.90750671,317.9121137,2518.590571,2499.903424,0.842652098,499978.9151,17.40292264,0.000198,15.46617554,2499.997179,0.419367551,0.026430304,21.35180454,1.45e-15,20.56622788,2514.191531,20.69222893
119,159,0.154257356,16.84633501,2499.901749,3.045366007,2499.901749,2499.901761,1.595578849,40.25763829,0.008478683,20.53409882,2501.903372,19.77914492,2499.904618,2499.904604,61.14910882,26.9148565,3115.642809,28.40150878,11.69028033,2499.901749,242.9579649,10254.95731,3.506287684,19.40629224,0.001610652,1.934530354,2499.997144,135.0791063,0.640684957,2499.904604,2499.805872,2500,2499.804007,55.71160654,20.23137597,5.099427704,0.435130214,20.84106218,2.470998001,0.611917748,499903.3895,56.56348213,317.6076206,2518.839265,2499.901749,0.845472411,499978.5344,17.60928671,0.000198,15.63005801,2499.997144,0.428559449,0.027599689,21.64777975,1.33e-15,20.84207433,2514.633389,20.97183004
