,cycle,cpd08023,MEMLIP_c0,cpd00423,cpd00540,cpd00528,cpd00531,cpd00655,cpd01741,cpd00412,cpd00654,cpd00099,cpd00098,cpd00094,cpd04450,cpd11416,cpd00092,cpd11575,cpd11576,cpd11578,cpd15378,cpd11574,cpd00558,cpd00438,cpd00322,cpd00204,cpd03279,cpd03396,cpd01092,cpd00309,cpd00305,cpd00307,cpd00314,N2A24D5MH4U15P_c0,cpd00797,cpd00550,cpd00794,cpd00430,cpd01080,cpd11597,cpd11593,cpd11595,cpd11596,cpd11590,cpd11591,cpd11592,cpd03847,cpd03725,cpd00224,cpd00226,cpd00105,cpd00588,cpd00104,cpd00220,cpd00221,cpd04383,cpd11586,cpd11587,cpd11588,cpd11589,cpd11582,cpd15269,cpd11583,cpd11584,cpd11585,cpd00209,cpd11580,cpd11581,cpd00205,cpd03724,cpd00214,cpd03048,cpd00211,cpd00210,cpd11579,cpd00118,cpd00239,cpd01329,cpd00117,cpd00119,cpd00246,cpd00367,cpd00489,cpd00244,cpd00001,cpd00122,cpd03198,cpd15605,cpd15606,cpd15603,cpd15604,cpd08636,cpd00107,cpd00106,cpd00108,cpd00235,cpd00355,cpd02775,cpd02893,cpd00111,cpd08305,cpd09878,cpd08306,FLGN_e0,cpd00268,cpd00149,cpd00027,cpd00264,cpd00023,cpd00141,cpd00020,cpd00129,cpd00007,cpd00249,cpd00009,cpd00138,cpd00137,cpd00011,cpd00132,cpd00131,cpd00013,cpd00254,cpd00012,cpd00130,cpd01017,cpd00048,cpd00047,cpd00164,cpd01012,cpd00161,cpd10516,cpd00041,cpd00162,cpd00280,cpd10515,cpd01914,cpd00029,cpd00703,cpd00158,cpd01007,cpd00036,cpd00039,cpd00159,cpd03424,cpd00033,cpd00396,cpd00154,cpd03422,cpd00395,cpd00156,cpd00035,cpd00277,cpd01242,cpd00034,cpd00276,cpd00030,cpd00069,cpd01711,cpd00066,cpd00065,cpd00186,cpd03696,cpd00067,cpd01034,cpd01155,cpd00182,cpd00064,cpd01030,cpd00063,cpd00184,cpd00060,cpd15302,cpd17043,cpd17042,cpd17041,cpd00971,cpd00179,cpd00058,cpd01024,cpd00176,cpd00054,cpd00051,cpd01262,cpd00053,cpd04097,cpd15573,cpd00635,cpd00637,cpd02701,cpd00084,cpd00080,cpd01171,cpd00082,cpd11640,cpd00076,cpd00073
787,41,0,0,0,0,0.0,0,0,0,0,0,-6.36e-05,0,0,-0.063336086,0.020544572,0.0,0,0,0,0.0,0,0,0,0.0,0,0,0,0,0,0,0,0,0,0,0,0,0,0.023801049,0,0,0,0,0,0,0,0,0,0,0.0,0,0,0,0,0,0.0,0,0,0,0,0,0,0,0,0,0.0,0,0,-6.36e-05,0,0,0,0,0,0,0,-0.004571716,0,0,0.0,0,0,0,0.0,0.399277921,0,0,0,0,0,0,0,0.0,0.0,0,0.0,0,0,0,0,0,0,0,0,0,-6.36e-05,-0.12920888,0,0.0,0.0,0,0.0,0,0,-0.016681871,0,0,0.0,0.0,0.0,-0.226126985,-6.36e-05,0,0,0,0.0,-1e-05,0,0,0.0,0.0,0.0,0,0,-0.000254,0,0.0,0,0,-0.009235503,0,0.0,0,0,0.050045612,0,0,0,0,0.0,0.0,0,0,-6.36e-05,0,-6.36e-05,0.0,0,0.0,0.0,0,0,0.0,0.0,0,0,0.0,0,-6.36e-05,0,0.0,0,0.020544572,0.020544572,0.020544572,0,0,-6.36e-05,0.0,0,0,0.0,0,0.0,0,0,0,0,0,0.0,0,0,0.0,0,0,0
800,42,0,0,0,0,0.0,0,0,0,0,0,-7.39e-05,0,0,-0.053687705,0.023876786,0.0,0,0,0,0.0,0,0,0,-0.005773371,0,0,0,0,0,0,0,0,0,0,0,0,0,0.02071983,0,0,0,0,0,0,0,0,0,0,0.0,0,0,0,0,0,0.0,0,0,0,0,0,0,0,0,0,0.0,0,0,-7.39e-05,0,0,0,0,0,0,0,-0.005313223,0,0,-0.00189256,0,0,0,0.0,0.37397713,0,0,0,0,0,0,0,0.0,0.0,0,0.0,0,0,0,0,0,0,0,0,0,-7.39e-05,-0.111134253,0,0.0,0.0,0,0.0,0,0,-0.019387576,0,0,0.0,0.0,0.0,-0.17603847,-7.39e-05,0,0,0,0.0,-1e-05,0,0,0.0,0.0,0.0,0,0,-0.000296,0,0.0,0,0,-0.008018848,0,-0.006815343,0,0,0.058162729,0,0,0,0,-0.017521143,0.0,0,0,-7.39e-05,0,-7.39e-05,0.0,0,0.0,0.0,0,0,0.0,0.0,0,0,0.0,0,-7.39e-05,0,0.0,0,0.023876786,0.023876786,0.023876786,0,0,-7.39e-05,0.0,0,0,0.0,0,-0.022081082,0,0,0,0,0,0.0,0,0,0.0,0,0,0
814,43,0,0,0,0,0.0,0,0,0,0,0,-7.51e-05,0,0,-0.045565771,0.024264807,0.0,0,0,0,0.0,0,0,0,-0.005867194,0,0,0,0,0,0,0,0,0,0,0,0,0,0.014632328,0,0,0,0,0,0,0,0,0,0,0.0,0,0,0,0,0,0.0,0,0,0,0,0,0,0,0,0,-0.003623003,0,0,-7.51e-05,0,0,0,0,0,0,0,-0.005399568,0,0,-0.001923316,0,0,0,0.0,0.333818536,0,0,0,0,0,0,0,0.0,-5.25e-06,0,0.0,0,0,0,0,0,0,0,0,0,-7.51e-05,-0.093009728,0,0.0,0.0,0,0.0,0,0,-0.019702643,0,0,0.0,0.0,0.0,-0.142203467,-7.51e-05,0,0,0,0.0,-1e-05,0,0,0.0,0.0,0.0,0,0,-0.000301,0,0.0,0,0,-0.007015814,0,-0.006926099,0,0,0.05910793,0,0,0,0,-0.017805879,0.0,0,0,-7.51e-05,0,-7.51e-05,0.0,0,0.0,0.0,0,0,0.0,0.0,0,0,0.0,0,-7.51e-05,0,0.0,0,0.024264807,0.024264807,0.024264807,0,0,-7.51e-05,0.0,0,0,0.0,0,-0.03897632,0,0,0,0,0,0.0,0,0,0.0,0,0,0
828,44,0,0,0,0,0.0,0,0,0,0,0,-7.46e-05,0,0,-0.037758421,0.024104722,0.0,0,0,0,0.0,0,0,0,-0.005828486,0,0,0,0,0,0,0,0,0,0,0,0,0,0.008238004,0,0,0,0,0,0,0,0,0,0,0.0,0,0,0,0,0,0.0,0,0,0,0,0,0,0,0,0,-0.009834523,0,0,-7.46e-05,0,0,0,0,0,0,0,-0.005363945,0,0,-0.001910627,0,0,0,0.0,0.287997579,0,0,0,0,0,0,0,0.0,-1.32e-05,0,0.0,0,0,0,0,0,0,0,0,0,-7.46e-05,-0.073289343,0,0.0,0.0,0,0.0,0,0,-0.019572656,0,0,0.0,0.0,0.0,-0.108571286,-7.46e-05,0,0,0,0.0,-1e-05,0,0,0.0,0.0,0.0,0,0,-0.000299,0,0.0,0,0,-0.006162128,0,-0.006880404,0,0,0.058717968,0,0,0,0,-0.017688406,0.0,0,0,-7.46e-05,0,-7.46e-05,0.0,0,0.0,0.0,0,0,0.0,0.0,0,0,0.0,0,-7.46e-05,0,0.0,0,0.024104722,0.024104722,0.024104722,0,0,-7.46e-05,0.0,0,0,0.0,0,-0.051948464,0,0,0,0,0,0.0,0,0,0.0,0,0,0
842,45,0,0,0,0,0.0,0,0,0,0,0,-7.4e-05,0,0,-0.030895459,0.023907077,0.0,0,0,0,0.0,0,0,0,-0.005780696,0,0,0,0,0,0,0,0,0,0,0,0,0,0.001941123,0,0,0,0,0,0,0,0,0,0,0.0,0,0,0,0,0,0.0,0,0,0,0,0,0,0,0,0,-0.017723664,0,0,-7.4e-05,0,0,0,0,0,0,0,-0.005319963,0,0,-0.001894961,0,0,0,0.0,0.247696294,0,0,0,0,0,0,0,0.0,-2.22e-05,0,0.0,0,0,0,0,0,0,0,0,0,-7.4e-05,-0.055095175,0,0.0,0.0,0,0.0,0,0,-0.019412172,0,0,0.0,0.0,0.0,-0.07890135,-7.4e-05,0,0,0,0.0,-1e-05,0,0,0.0,0.0,0.0,0,0,-0.000296,0,0.0,0,0,-0.005077756,0,-0.006823989,0,0,0.058236515,0,0,0,0,-0.017543371,0.0,0,0,-7.4e-05,0,-7.4e-05,0.0,0,0.0,0.0,0,0,0.0,0.0,0,0,0.0,0,-7.4e-05,0,0.0,0,0.023907077,0.023907077,0.023907077,0,0,-7.4e-05,0.0,0,0,0.0,0,-0.061927484,0,0,0,0,0,0.0,0,0,0.0,0,0,0
856,46,0,0,0,0,0.0,0,0,0,0,0,-7.34e-05,0,0,-0.025478503,0.023717261,0.0,0,0,0,0.0,0,0,0,-0.005734798,0,0,0,0,0,0,0,0,0,0,0,0,0,-0.002020339,0,0,0,0,0,0,0,0,0,0,0.0,0,0,0,0,0,0.0,0,0,0,0,0,0,0,0,0,-0.022669383,0,0,-7.34e-05,0,0,0,0,0,0,0,-0.005277724,0,0,-0.001879915,0,0,0,0.0,0.219534515,0,0,0,0,0,0,0,-0.008903195,-3.14e-05,0,0.0,0,0,0,0,0,0,0,0,0,-7.34e-05,-0.042403347,0,0.0,0.0,0,0.0,0,0,-0.019258044,0,0,0.0,0.0,0.0,-0.057093621,-7.34e-05,0,0,0,0.0,-1e-05,0,0,0.0,0.0,0.0,0,0,-0.000294,0,0.0,0,0,-0.004152931,0,-0.006769808,0,0,0.057774132,0,0,0,0,-0.008500886,0.0,0,0,-7.34e-05,0,-7.34e-05,0.0,0,0.0,0.0,0,0,0.0,0.0,0,0,0.0,0,-7.34e-05,0,0.0,0,0.023717261,0.023717261,0.023717261,0,0,-7.34e-05,0.0,0,0,0.0,0,-0.069483212,0,0,0,0,0,0.0,0,0,0.0,0,0,0
870,47,0,0,0,0,0.0,0,0,0,0,0,-7.28e-05,0,0,-0.021173855,0.023525131,0.0,0,0,0,0.0,0,0,0,-0.005688342,0,0,0,0,0,0,0,0,0,0,0,0,0,-0.002003973,0,0,0,0,0,0,0,0,0,0,0.0,0,0,0,0,0,0.0,0,0,0,0,0,0,0,0,0,-0.015469644,0,0,-7.28e-05,0,0,0,0,0,0,0,-0.00523497,0,0,-0.001864687,0,0,0,0.0,0.221184802,0,0,0,0,0,0,0,-0.008831072,-4.03e-05,0,0.0,0,0,0,0,0,0,0,0,0,-7.28e-05,-0.043013848,0,0.0,0.0,0,0.0,0,0,-0.019102038,0,0,0.0,0.0,0.0,-0.051169739,-7.28e-05,0,0,0,0.0,-1e-05,0,0,0.0,0.0,0.0,0,0,-0.000291,0,0.0,0,0,-0.00342456,0,-0.006714967,0,0,0.057306114,0,0,0,0,-0.008432022,0.0,0,0,-7.28e-05,0,-7.28e-05,0.0,0,0.0,0.0,0,0,0.0,0.0,0,0,0.0,0,-7.28e-05,0,0.0,0,0.023525131,0.023525131,0.023525131,0,0,-7.28e-05,0.0,0,0,0.0,0,-0.075159079,0,0,0,0,0,0.0,0,0,0.0,0,0,0
884,48,0,0,0,0,0.0,0,0,0,0,0,-7.21e-05,0,0,-0.017741674,0.023297228,0.0,0,0,0,0.0,0,0,0,-0.005633235,0,0,0,0,0,0,0,0,0,0,0,0,0,-0.001984559,0,0,0,0,0,0,0,0,0,0,0.0,0,0,0,0,0,0.0,0,0,0,0,0,0,0,0,0,-0.0097643,0,0,-7.21e-05,0,0,0,0,0,0,0,-0.005184256,0,0,-0.001846622,0,0,0,0.0,0.221463055,0,0,0,0,0,0,0,-0.008745519,-4.88e-05,0,0.0,0,0,0,0,0,0,0,0,0,-7.21e-05,-0.043275788,0,0.0,0.0,0,0.0,0,0,-0.018916984,0,0,0.0,0.0,0.0,-0.046242927,-7.21e-05,0,0,0,0.0,-1e-05,0,0,0.0,0.0,0.0,0,0,-0.000289,0,0.0,0,0,-0.002848468,0,-0.006649915,0,0,0.056750951,0,0,0,0,-0.008350335,0.0,0,0,-7.21e-05,0,-7.21e-05,0.0,0,0.0,0.0,0,0,0.0,0.0,0,0,0.0,0,-7.21e-05,0,0.0,0,0.023297228,0.023297228,0.023297228,0,0,-7.21e-05,0.0,0,0,0.0,0,-0.07942425,0,0,0,0,0,0.0,0,0,0.0,0,0,0
898,49,0,0,0,0,0.0,0,0,0,0,0,-7.14e-05,0,0,-0.061468776,0.02304876,0.0,0,0,0,0.0,0,0,0,-0.005573156,0,0,0,0,0,0,0,0,0,0,0,0,0,0.0,0,0,0,0,0,0,0,0,0,0,0.0,0,0,0,0,0,0.0,0,0,0,0,0,0,0,0,0,-0.052182556,0,0,-7.14e-05,0,0,0,0,0,0,0,-0.005128965,0,0,-0.001826928,0,0,0,0.0,0.0,0,0,0,0,0,0,0,-0.008652247,0.0,0,0.0,0,0,0,0,0,0,0,0,0,-7.14e-05,0.0,0,0.0,0.0,0,0.0,0,0,-0.018715232,0,0,0.0,0.0,0.0,0.0,-7.14e-05,0,0,0,0.0,1e-05,0,0,0.0,0.0,0.0,0,0,-0.000285,0,0.044023955,0,0,-0.008346388,0,-0.006578992,0,0,0.056145695,0,0,0,0,-0.003428783,0.0,0,0,-7.14e-05,0,-7.14e-05,0.0,0,0.0,0.0,0,0,0.0,0.0,0,0,0.0,0,-7.14e-05,0,0.0,0,0.02304876,0.02304876,0.02304876,0,0,-7.14e-05,0.0,0,0,0.0,0,-0.082607102,0,0,0,0,0,0.0,0,0,0.0,0,0,0
1062,50,0,0,0,0,0.0,0,0,0,0,0,-6.99e-05,0,0,-0.052410218,0.022588302,0.0,0,0,0,0.0,0,0,0,-0.005461818,0,0,0,0,0,0,0,0,0,0,0,0,0,0.0,0,0,0,0,0,0,0,0,0,0,0.0,0,0,0,0,0,0.0,0,0,0,0,0,0,0,0,0,-0.038553702,0,0,-6.99e-05,0,0,0,0,0,0,0,-0.005026501,0,0,-0.00179043,0,0,0,0.0,0.005247647,0,0,0,0,0,0,0,-0.008479397,-6.75e-05,0,0.0,0,0,0,0,0,0,0,0,0,-6.99e-05,0.0,0,0.0,0.0,0,0.0,0,0,-0.018341348,0,0,0.0,0.0,0.0,0.0,-6.99e-05,0,0,0,0.0,-1e-05,0,0,0.0,0.0,0.0,0,0,-0.00028,0,0.0,0,0,-0.007785696,0,-0.00644756,0,0,0.055024043,0,0,0,0,-0.008077719,0.0,0,0,-6.99e-05,0,-6.99e-05,0.0,0,0.0,0.0,0,0,0.0,0.0,0,0,0.0,0,-6.99e-05,0,0.0,0,0.022588302,0.022588302,0.022588302,0,0,-6.99e-05,0.0,0,0,0.0,0,-0.084891286,0,0,0,0,0,0.0,0,0,0.010805003,0,0,0
1077,51,0,0,0,0,0.0,0,0,0,0,0,-6.69e-05,0,0,-0.044854524,0.021613336,0.0,0,0,0,0.0,0,0,0,-0.005226072,0,0,0,0,0,0,0,0,0,0,0,0,0,0.0,0,0,0,0,0,0,0,0,0,0,0.0,0,0,0,0,0,0.0,0,0,0,0,0,0,0,0,0,-0.028421349,0,0,-6.69e-05,0,0,0,0,0,0,0,-0.004809545,0,0,-0.001713151,0,0,0,0.0,0.022161624,0,0,0,0,0,0,0,-0.008113405,-7.34e-05,0,0.0,0,0,0,0,0,0,0,0,0,-6.69e-05,0.0,0,0.0,0.0,0,0.0,0,0,-0.01754969,0,0,0.0,0.0,0.0,0.0,-6.69e-05,0,0,0,0.0,-1e-05,0,0,0.0,0.0,0.0,0,0,-0.000268,0,0.0,0,0,-0.006682356,0,-0.006169268,0,0,0.052649071,0,0,0,0,-0.005698516,0.0,0,0,-6.69e-05,0,-6.69e-05,0.0,0,0.0,0.0,0,0,0.0,0.0,0,0,0.0,0,-6.69e-05,0,0.0,0,0.021613336,0.021613336,0.021613336,0,0,-6.69e-05,0.0,0,0,0.0,0,-0.086476586,0,0,0,0,0,0.0,0,0,0.005201642,0,0,0
1092,52,0,0,0,0,0.0,0,0,0,0,0,-6.11e-05,0,0,-0.038553803,0.019728095,0.0,0,0,0,0.0,0,0,0,-0.002165104,0,0,0,0,0,0,0,0,0,0,0,0,0,0.0,0,0,0,0,0,0,0,0,0,0,0.0,0,0,0,0,0,0.0,0,0,0,0,0,0,0,0,0,-0.0171691,0,0,-6.11e-05,0,0,0,0,0,0,0,-0.004390028,0,0,-0.00156372,0,0,0,0.0,0.024477064,0,0,0,0,0,0,0,-0.007405707,-7.39e-05,0,0.0,0,0,0,0,0,0,0,0,0,-6.11e-05,0.0,0,0.0,0.0,0,0.0,0,0,-0.016018904,0,0,0.0,0.0,0.0,0.0,-6.11e-05,0,0,0,0.0,-1e-05,0,0,0.0,0.0,0.0,0,0,-0.000244,0,0.0,0,0,-0.005763469,0,-0.005631148,0,0,0.048056711,0,0,0,0,0.0,0.0,0,0,-6.11e-05,0,-6.11e-05,0.0,0,0.0,0.0,0,0,0.0,0.0,0,0,0.0,0,-6.11e-05,0,0.0,0,0.019728095,0.019728095,0.019728095,0,0,-6.11e-05,0.0,0,0,0.0,0,-0.087223467,0,0,0,0,0,0.0,0,0,0.001200855,0,0,0
1107,53,0,0,0,0,0.0,0,0,0,0,0,-5.57e-05,0,0,-0.033208647,0.018003386,0.0,0,0,0,0.0,0,0,0,0.0,0,0,0,0,0,0,0,0,0,0,0,0,0,-0.001533607,0,0,0,0,0,0,0,0,0,0,0.0,0,0,0,0,0,0.0,0,0,0,0,0,0,0,0,0,-0.010895043,0,0,-5.57e-05,0,0,0,0,0,0,0,-0.004006234,0,0,-0.001427013,0,0,0,0.0,0.022327631,0,0,0,0,0,0,0,-0.000927,-7.61e-05,0,0.0,0,0,0,0,0,0,0,0,0,-5.57e-05,0.0,0,0.0,0.0,0,0.0,0,0,-0.014618467,0,0,0.0,0.0,0.0,0.0,-5.57e-05,0,0,0,0.0,-1e-05,0,0,0.0,0.0,0.0,0,0,-0.000223,0,0.0,0,0,-0.004984397,0,-0.003764012,0,0,0.043855402,0,0,0,0,0.0,0.0,0,0,-5.57e-05,0,-5.57e-05,0.0,0,0.0,0.0,0,0,0.0,0.0,0,0,0.0,0,-5.57e-05,0,0.0,0,0.018003386,0.018003386,0.018003386,0,0,-5.57e-05,0.0,0,0,0.0,0,-0.087263015,0,0,0,0,0,0.0,0,0,0.0,0,0,0
1122,54,0,0,0,0,0.0,0,0,0,0,0,-5.09e-05,0,0,-0.028681148,0.016424506,0.0,0,0,0,0.0,0,0,0,0.0,0,0,0,0,0,0,0,0,0,0,0,0,0,-0.001399111,0,0,0,0,0,0,0,0,0,0,0.0,0,0,0,0,0,0.0,0,0,0,0,0,0,0,0,0,-0.004259377,0,0,-5.09e-05,0,0,0,0,0,0,0,-0.003654891,0,0,-0.001301865,0,0,0,0.0,0.017580381,0,0,0,0,0,0,0,-0.000738,-7.89e-05,0,0.0,0,0,0,0,0,0,0,0,0,-5.09e-05,0.0,0,0.0,0.0,0,0.0,0,0,-0.013336441,0,0,0.0,0.0,0.0,0.001540595,-5.09e-05,0,0,0,0.0,-1e-05,0,0,0.0,0.0,0.0,0,0,-0.000203,0,0.0,0,0,-0.00432051,0,0.0,0,0,0.040009324,0,0,0,0,0.0,0.0,0,0,-5.09e-05,0,-5.09e-05,0.0,0,0.0,0.0,0,0,0.0,0.0,0,0,0.0,0,-5.09e-05,0,0.0,0,0.016424506,0.016424506,0.016424506,0,0,-5.09e-05,0.0,0,0,0.0,0,-0.086708075,0,0,0,0,0,0.0,0,0,0.0,0,0,0
1137,55,0,0,0,0,0.0,0,0,0,0,0,-4.64e-05,0,0,-0.024839214,0.014991078,0.0,0,0,0,0.0,0,0,0,0.0,0,0,0,0,0,0,0,0,0,0,0,0,0,-0.00110072,0,0,0,0,0,0,0,0,0,0,0.0,0,0,0,0,0,0.0,0,0,0,0,0,0,0,0,0,0.0,0,0,-4.64e-05,0,0,0,0,0,0,0,-0.003335915,0,0,-0.001188247,0,0,0,0.0,0.014216998,0,0,0,0,0,0,0,0.0,-8.2e-05,0,0.0,0,0,0,0,0,0,0,0,0,-4.64e-05,0.0,0,0.0,0.0,0,0.0,0,0,-0.01217252,0,0,0.0,0.0,0.0,0.004506465,-4.64e-05,0,0,0,0.0,-1e-05,0,0,0.0,0.0,0.0,0,0,-0.000186,0,0.0,0,0,-0.003732082,0,0.0,0,0,0.036517561,0,0,0,0,0.0,0.0,0,0,-4.64e-05,0,-4.64e-05,0.0,0,0.0,0.0,0,0,0.0,0.0,0,0,0.0,0,-4.64e-05,0,0.0,0,0.014991078,0.014991078,0.014991078,0,0,-4.64e-05,0.0,0,0,0.0,0,-0.082971663,0,0,0,0,0,0.0,0,0,0.0,0,0,0
1152,56,0,0,0,0,0.0,0,0,0,0,0,-6.11e-05,0,0,-0.055318735,0.019735618,0.0,0,0,0,0.0,0,0,0,0.0,0,0,0,0,0,0,0,0,0,0,0,0,0,0.0,0,0,0,0,0,0,0,0,0,0,0.0,0,0,0,0,0,0.0,0,0,0,0,0,0,0,0,0,-0.030424251,0,0,-6.11e-05,0,0,0,0,0,0,0,-0.004391702,0,0,-0.001564316,0,0,0,0.0,0.0,0,0,0,0,0,0,0,-0.002258785,0.0,0,0.0,0,0,0,0,0,0,0,0,0,-6.11e-05,0.0,0,0.0,0.0,0,0.0,0,0,-0.016025012,0,0,0.0,0.0,0.0,0.0,-6.11e-05,0,0,0,0.0,1e-05,0,0,0.0,0.0,0.0,0,0,-0.000244,0,0.023786877,0,0,0.0,0,-0.005633296,0,0,0.048075037,0,0,0,0,0.0,0.0,0,0,-6.11e-05,0,-6.11e-05,0.0,0,0.0,0.0,0,0,0.0,0.0,0,0,0.0,0,-6.11e-05,0,0.0,0,0.019735618,0.019735618,0.019735618,0,0,-6.11e-05,0.0,0,0,0.0,0,-0.084290265,0,0,0,0,0,0.0,0,0,0.0,0,0,0
1167,57,0,0,0,0,0.0,0,0,0,0,0,-5.97e-05,0,0,-0.053569193,0.019270921,0.0,0,0,0,0.0,0,0,0,0.0,0,0,0,0,0,0,0,0,0,0,0,0,0,0.0,0,0,0,0,0,0,0,0,0,0,0.0,0,0,0,0,0,0.0,0,0,0,0,0,0,0,0,0,-0.027981569,0,0,-5.97e-05,0,0,0,0,0,0,0,-0.004288295,0,0,-0.001527483,0,0,0,0.0,0.0,0,0,0,0,0,0,0,-0.001095778,0.0,0,0.0,0,0,0,0,0,0,0,0,0,-5.97e-05,0.0,0,0.0,0.0,0,0.0,0,0,-0.015647686,0,0,0.0,0.0,0.0,0.0,-5.97e-05,0,0,0,0.0,1e-05,0,0,0.0,0.0,0.0,0,0,-0.000239,0,0.021654365,0,0,0.0,0,-0.005500654,0,0,0.046943057,0,0,0,0,0.0,0.0,0,0,-5.97e-05,0,-5.97e-05,0.0,0,0.0,0.0,0,0,0.0,0.0,0,0,0.0,0,-5.97e-05,0,0.0,0,0.019270921,0.019270921,0.019270921,0,0,-5.97e-05,0.0,0,0,0.0,0,-0.083723624,0,0,0,0,0,0.0,0,0,0.0,0,0,0
1182,58,0,0,0,0,0.0,0,0,0,0,0,-5.83e-05,0,0,-0.051910589,0.01882241,0.0,0,0,0,0.0,0,0,0,0.0,0,0,0,0,0,0,0,0,0,0,0,0,0,0.0,0,0,0,0,0,0,0,0,0,0,0.0,0,0,0,0,0,0.0,0,0,0,0,0,0,0,0,0,-0.025739825,0,0,-5.83e-05,0,0,0,0,0,0,0,-0.004188489,0,0,-0.001491932,0,0,0,0.0,0.0,0,0,0,0,0,0,0,-4.78e-05,0.0,0,0.0,0,0,0,0,0,0,0,0,0,-5.83e-05,0.0,0,0.0,0.0,0,0.0,0,0,-0.015283502,0,0,0.0,0.0,0.0,0.0,-5.83e-05,0,0,0,0.0,1e-05,0,0,0.0,0.0,0.0,0,0,-0.000233,0,0.019701645,0,0,0.0,0,-0.005372632,0,0,0.045850506,0,0,0,0,0.0,0.0,0,0,-5.83e-05,0,-5.83e-05,0.0,0,0.0,0.0,0,0,0.0,0.0,0,0,0.0,0,-5.83e-05,0,0.0,0,0.01882241,0.01882241,0.01882241,0,0,-5.83e-05,0.0,0,0,0.0,0,-0.083081552,0,0,0,0,0,0.0,0,0,0.0,0,0,0
1197,59,0,0,0,0,0.0,0,0,0,0,0,-5.69e-05,0,0,-0.046966158,0.018389554,0.0,0,0,0,0.0,0,0,0,0.0,0,0,0,0,0,0,0,0,0,0,0,0,0,0.0,0,0,0,0,0,0,0,0,0,0,0.0,0,0,0,0,0,0.0,0,0,0,0,0,0,0,0,0,-0.022778849,0,0,-5.69e-05,0,0,0,0,0,0,0,-0.004092167,0,0,-0.001457622,0,0,0,0.0,0.0,0,0,0,0,0,0,0,0.0,0.0,0,0.0,0,0,0,0,0,0,0,0,0,-5.69e-05,0.0,0,0.0,0.0,0,0.0,0,0,-0.014932029,0,0,0.0,0.0,0.0,0.0,-5.69e-05,0,0,0,0.0,1e-05,0,0,0.0,0.0,0.0,0,0,-0.000228,0,0.017459893,0,0,-0.003444798,0,-0.005249078,0,0,0.044796088,0,0,0,0,0.0,0.0,0,0,-5.69e-05,0,-5.69e-05,0.0,0,0.0,0.0,0,0,0.0,0.0,0,0,0.0,0,-5.69e-05,0,0.0,0,0.018389554,0.018389554,0.018389554,0,0,-5.69e-05,0.0,0,0,0.0,0,-0.082378787,0,0,0,0,0,0.0,0,0,0.0,0,0,0
1227,60,0,0,0,0,0.0,0,0,0,0,0,-5.57e-05,0,0,-0.042281196,0.017972773,0.0,0,0,0,0.0,0,0,0,0.0,0,0,0,0,0,0,0,0,0,0,0,0,0,0.0,0,0,0,0,0,0,0,0,0,0,0.0,0,0,0,0,0,0.0,0,0,0,0,0,0,0,0,0,-0.020034646,0,0,-5.57e-05,0,0,0,0,0,0,0,-0.003999422,0,0,-0.001424587,0,0,0,0.0,0.0,0,0,0,0,0,0,0,0.0,0.0,0,0.0,0,0,0,0,0,0,0,0,0,-5.57e-05,0.0,0,0.0,0.0,0,0.0,0,0,-0.01459361,0,0,0.0,0.0,0.0,0.0,-5.57e-05,0,0,0,0.0,1e-05,0,0,0.0,0.0,0.0,0,0,-0.000223,0,0.015392998,0,0,-0.006708754,0,-0.005130113,0,0,0.04378083,0,0,0,0,0.0,0.0,0,0,-5.57e-05,0,-5.57e-05,0.0,0,0.0,0.0,0,0,0.0,0.0,0,0,0.0,0,-5.57e-05,0,0.0,0,0.017972773,0.017972773,0.017972773,0,0,-5.57e-05,0.0,0,0,0.0,0,-0.081625726,0,0,0,0,0,0.0,0,0,0.0,0,0,0
1242,61,0,0,0,0,0.0,0,0,0,0,0,-5.44e-05,0,0,-0.037991942,0.017571251,0.0,0,0,0,0.0,0,0,0,0.0,0,0,0,0,0,0,0,0,0,0,0,0,0,0.0,0,0,0,0,0,0,0,0,0,0,0.0,0,0,0,0,0,0.0,0,0,0,0,0,0,0,0,0,-0.017528872,0,0,-5.44e-05,0,0,0,0,0,0,0,-0.003910073,0,0,-0.001392761,0,0,0,0.0,0.0,0,0,0,0,0,0,0,0.0,0.0,0,0.0,0,0,0,0,0,0,0,0,0,-5.44e-05,0.0,0,0.0,0.0,0,0.0,0,0,-0.014267581,0,0,0.0,0.0,0.0,0.0,-5.44e-05,0,0,0,0.0,1e-05,0,0,0.0,0.0,0.0,0,0,-0.000218,0,0.013505245,0,0,-0.009646272,0,-0.005015503,0,0,0.042802742,0,0,0,0,0.0,0.0,0,0,-5.44e-05,0,-5.44e-05,0.0,0,0.0,0.0,0,0,0.0,0.0,0,0,0.0,0,-5.44e-05,0,0.0,0,0.017571251,0.017571251,0.017571251,0,0,-5.44e-05,0.0,0,0,0.0,0,-0.080831257,0,0,0,0,0,0.0,0,0,0.0,0,0,0
1257,62,0,0,0,0,0.0,0,0,0,0,0,-5.32e-05,0,0,-0.034060923,0.017184116,0.0,0,0,0,0.0,0,0,0,0.0,0,0,0,0,0,0,0,0,0,0,0,0,0,0.0,0,0,0,0,0,0,0,0,0,0,0.0,0,0,0,0,0,0.0,0,0,0,0,0,0,0,0,0,-0.015238758,0,0,-5.32e-05,0,0,0,0,0,0,0,-0.003823925,0,0,-0.001362075,0,0,0,0.0,0.0,0,0,0,0,0,0,0,0.0,0.0,0,0.0,0,0,0,0,0,0,0,0,0,-5.32e-05,0.0,0,0.0,0.0,0,0.0,0,0,-0.013953233,0,0,0.0,0.0,0.0,0.0,-5.32e-05,0,0,0,0.0,1e-05,0,0,0.0,0.0,0.0,0,0,-0.000213,0,0.011779538,0,0,-0.012289721,0,-0.004905,0,0,0.041859698,0,0,0,0,0.0,0.0,0,0,-5.32e-05,0,-5.32e-05,0.0,0,0.0,0.0,0,0,0.0,0.0,0,0,0.0,0,-5.32e-05,0,0.0,0,0.017184116,0.017184116,0.017184116,0,0,-5.32e-05,0.0,0,0,0.0,0,-0.080002312,0,0,0,0,0,0.0,0,0,0.0,0,0,0
1272,63,0,0,0,0,0.0,0,0,0,0,0,-5.21e-05,0,0,-0.030455267,0.016810534,0.0,0,0,0,0.0,0,0,0,0.0,0,0,0,0,0,0,0,0,0,0,0,0,0,0.0,0,0,0,0,0,0,0,0,0,0,0.0,0,0,0,0,0,0.0,0,0,0,0,0,0,0,0,0,-0.013144351,0,0,-5.21e-05,0,0,0,0,0,0,0,-0.003740793,0,0,-0.001332463,0,0,0,0.0,0.0,0,0,0,0,0,0,0,0.0,0.0,0,0.0,0,0,0,0,0,0,0,0,0,-5.21e-05,0.0,0,0.0,0.0,0,0.0,0,0,-0.01364989,0,0,0.0,0.0,0.0,0.0,-5.21e-05,0,0,0,0.0,1e-05,0,0,0.0,0.0,0.0,0,0,-0.000208,0,0.010200896,0,0,-0.014667327,0,-0.004798366,0,0,0.040949671,0,0,0,0,0.0,0.0,0,0,-5.21e-05,0,-5.21e-05,0.0,0,0.0,0.0,0,0,0.0,0.0,0,0,0.0,0,-5.21e-05,0,0.0,0,0.016810534,0.016810534,0.016810534,0,0,-5.21e-05,0.0,0,0,0.0,0,-0.079144626,0,0,0,0,0,0.0,0,0,0.0,0,0,0
1287,64,0,0,0,0,0.0,0,0,0,0,0,-5.09e-05,0,0,-0.027146206,0.016449723,0.0,0,0,0,0.0,0,0,0,0.0,0,0,0,0,0,0,0,0,0,0,0,0,0,0.0,0,0,0,0,0,0,0,0,0,0,0.0,0,0,0,0,0,0.0,0,0,0,0,0,0,0,0,0,-0.01122821,0,0,-5.09e-05,0,0,0,0,0,0,0,-0.003660503,0,0,-0.001303864,0,0,0,0.0,0.0,0,0,0,0,0,0,0,0.0,0.0,0,0.0,0,0,0,0,0,0,0,0,0,-5.09e-05,0.0,0,0.0,0.0,0,0.0,0,0,-0.013356918,0,0,0.0,0.0,0.0,0.0,-5.09e-05,0,0,0,0.0,1e-05,0,0,0.0,0.0,0.0,0,0,-0.000204,0,0.008756222,0,0,-0.016803653,0,-0.004695376,0,0,0.040070753,0,0,0,0,0.0,0.0,0,0,-5.09e-05,0,-5.09e-05,0.0,0,0.0,0.0,0,0,0.0,0.0,0,0,0.0,0,-5.09e-05,0,0.0,0,0.016449723,0.016449723,0.016449723,0,0,-5.09e-05,0.0,0,0,0.0,0,-0.078262925,0,0,0,0,0,0.0,0,0,0.0,0,0,0
1302,65,0,0,0,0,0.0,0,0,0,0,0,-4.98e-05,0,0,-0.02420082,0.0160981,0.0,0,0,0,0.0,0,0,0,0.0,0,0,0,0,0,0,0,0,0,0,0,0,0,0.0,0,0,0,0,0,0,0,0,0,0,0.0,0,0,0,0,0,0.0,0,0,0,0,0,0,0,0,0,-0.009532808,0,0,-4.98e-05,0,0,0,0,0,0,0,-0.003582257,0,0,-0.001275993,0,0,0,0.0,0.0,0,0,0,0,0,0,0,0.0,0.0,0,0.0,0,0,0,0,0,0,0,0,0,-4.98e-05,0.0,0,0.0,0.0,0,0.0,0,0,-0.013071405,0,0,0.0,0.0,0.0,0.0,-4.98e-05,0,0,0,0.0,1e-05,0,0,0.0,0.0,0.0,0,0,-0.000199,0,0.007477294,0,0,-0.018627659,0,-0.00459501,0,0,0.039214216,0,0,0,0,0.0,0.0,0,0,-4.98e-05,0,-4.98e-05,0.0,0,0.0,0.0,0,0,0.0,0.0,0,0,0.0,0,-4.98e-05,0,0.0,0,0.0160981,0.0160981,0.0160981,0,0,-4.98e-05,0.0,0,0,0.0,0,-0.077317703,0,0,0,0,0,0.0,0,0,0.0,0,0,0
1317,66,0,0,0,0,0.0,0,0,0,0,0,-4.88e-05,0,0,-0.021524485,0.015756825,0.0,0,0,0,0.0,0,0,0,0.0,0,0,0,0,0,0,0,0,0,0,0,0,0,0.0,0,0,0,0,0,0,0,0,0,0,0.0,0,0,0,0,0,0.0,0,0,0,0,0,0,0,0,0,-0.007999528,0,0,-4.88e-05,0,0,0,0,0,0,0,-0.003506315,0,0,-0.001248943,0,0,0,0.0,0.0,0,0,0,0,0,0,0,0.0,0.0,0,0.0,0,0,0,0,0,0,0,0,0,-4.88e-05,0.0,0,0.0,0.0,0,0.0,0,0,-0.012794295,0,0,0.0,0.0,0.0,0.0,-4.88e-05,0,0,0,0.0,1e-05,0,0,0.0,0.0,0.0,0,0,-0.000195,0,0.006320175,0,0,-0.020229645,0,-0.004497597,0,0,0.038382885,0,0,0,0,0.0,0.0,0,0,-4.88e-05,0,-4.88e-05,0.0,0,0.0,0.0,0,0,0.0,0.0,0,0,0.0,0,-4.88e-05,0,0.0,0,0.015756825,0.015756825,0.015756825,0,0,-4.88e-05,0.0,0,0,0.0,0,-0.076344183,0,0,0,0,0,0.0,0,0,0.0,0,0,0
1332,67,0,0,0,0,0.0,0,0,0,0,0,-4.78e-05,0,0,-0.019107552,0.015426252,0.0,0,0,0,0.0,0,0,0,0.0,0,0,0,0,0,0,0,0,0,0,0,0,0,0.0,0,0,0,0,0,0,0,0,0,0,0.0,0,0,0,0,0,0.0,0,0,0,0,0,0,0,0,0,-0.006622315,0,0,-4.78e-05,0,0,0,0,0,0,0,-0.003432753,0,0,-0.00122274,0,0,0,0.0,0.0,0,0,0,0,0,0,0,0.0,0.0,0,0.0,0,0,0,0,0,0,0,0,0,-4.78e-05,0.0,0,0.0,0.0,0,0.0,0,0,-0.012525875,0,0,0.0,0.0,0.0,0.0,-4.78e-05,0,0,0,0.0,1e-05,0,0,0.0,0.0,0.0,0,0,-0.000191,0,0.005280331,0,0,-0.021619416,0,-0.004403239,0,0,0.037577624,0,0,0,0,0.0,0.0,0,0,-4.78e-05,0,-4.78e-05,0.0,0,0.0,0.0,0,0,0.0,0.0,0,0,0.0,0,-4.78e-05,0,0.0,0,0.015426252,0.015426252,0.015426252,0,0,-4.78e-05,0.0,0,0,0.0,0,-0.075347198,0,0,0,0,0,0.0,0,0,0.0,0,0,0
1347,68,0,0,0,0,0.0,0,0,0,0,0,-4.68e-05,0,0,-0.01690934,0.015107025,0.0,0,0,0,0.0,0,0,0,0.0,0,0,0,0,0,0,0,0,0,0,0,0,0,0.0,0,0,0,0,0,0,0,0,0,0,0.0,0,0,0,0,0,0.0,0,0,0,0,0,0,0,0,0,-0.00537592,0,0,-4.68e-05,0,0,0,0,0,0,0,-0.003361717,0,0,-0.001197437,0,0,0,0.0,0.0,0,0,0,0,0,0,0,0.0,0.0,0,0.0,0,0,0,0,0,0,0,0,0,-4.68e-05,0.0,0,0.0,0.0,0,0.0,0,0,-0.012266667,0,0,0.0,0.0,0.0,0.0,-4.68e-05,0,0,0,0.0,1e-05,0,0,0.0,0.0,0.0,0,0,-0.000187,0,0.004338839,0,0,-0.022836164,0,-0.004312119,0,0,0.036800001,0,0,0,0,0.0,0.0,0,0,-4.68e-05,0,-4.68e-05,0.0,0,0.0,0.0,0,0,0.0,0.0,0,0,0.0,0,-4.68e-05,0,0.0,0,0.015107025,0.015107025,0.015107025,0,0,-4.68e-05,0.0,0,0,0.0,0,-0.074342657,0,0,0,0,0,0.0,0,0,0.0,0,0,0
1362,69,0,0,0,0,0.0,0,0,0,0,0,-4.58e-05,0,0,-0.014901105,0.014798692,0.0,0,0,0,0.0,0,0,0,0.0,0,0,0,0,0,0,0,0,0,0,0,0,0,0.0,0,0,0,0,0,0,0,0,0,0,0.0,0,0,0,0,0,0.0,0,0,0,0,0,0,0,0,0,-0.004242804,0,0,-4.58e-05,0,0,0,0,0,0,0,-0.003293104,0,0,-0.001172998,0,0,0,0.0,0.0,0,0,0,0,0,0,0,0.0,0.0,0,0.0,0,0,0,0,0,0,0,0,0,-4.58e-05,0.0,0,0.0,0.0,0,0.0,0,0,-0.012016306,0,0,0.0,0.0,0.0,0.0,-4.58e-05,0,0,0,0.0,1e-05,0,0,0.0,0.0,0.0,0,0,-0.000183,0,0.003482534,0,0,-0.023905273,0,-0.004224109,0,0,0.036048917,0,0,0,0,0.0,0.0,0,0,-4.58e-05,0,-4.58e-05,0.0,0,0.0,0.0,0,0,0.0,0.0,0,0,0.0,0,-4.58e-05,0,0.0,0,0.014798692,0.014798692,0.014798692,0,0,-4.58e-05,0.0,0,0,0.0,0,-0.073337028,0,0,0,0,0,0.0,0,0,0.0,0,0,0
1377,70,0,0,0,0,0.0,0,0,0,0,0,-4.49e-05,0,0,-0.01306448,0.014500608,0.0,0,0,0,0.0,0,0,0,0.0,0,0,0,0,0,0,0,0,0,0,0,0,0,0.0,0,0,0,0,0,0,0,0,0,0,0.0,0,0,0,0,0,0.0,0,0,0,0,0,0,0,0,0,-0.00321188,0,0,-4.49e-05,0,0,0,0,0,0,0,-0.003226773,0,0,-0.00114937,0,0,0,0.0,0.0,0,0,0,0,0,0,0,0.0,0.0,0,0.0,0,0,0,0,0,0,0,0,0,-4.49e-05,0.0,0,0.0,0.0,0,0.0,0,0,-0.011774266,0,0,0.0,0.0,0.0,0.0,-4.49e-05,0,0,0,0.0,1e-05,0,0,0.0,0.0,0.0,0,0,-0.00018,0,0.002703088,0,0,-0.024842055,0,-0.004139025,0,0,0.035322799,0,0,0,0,0.0,0.0,0,0,-4.49e-05,0,-4.49e-05,0.0,0,0.0,0.0,0,0,0.0,0.0,0,0,0.0,0,-4.49e-05,0,0.0,0,0.014500608,0.014500608,0.014500608,0,0,-4.49e-05,0.0,0,0,0.0,0,-0.072332563,0,0,0,0,0,0.0,0,0,0.0,0,0,0
1392,71,0,0,0,0,0.0,0,0,0,0,0,-4.4e-05,0,0,-0.011383753,0.014212149,0.0,0,0,0,0.0,0,0,0,0.0,0,0,0,0,0,0,0,0,0,0,0,0,0,0.0,0,0,0,0,0,0,0,0,0,0,0.0,0,0,0,0,0,0.0,0,0,0,0,0,0,0,0,0,-0.002273687,0,0,-4.4e-05,0,0,0,0,0,0,0,-0.003162583,0,0,-0.001126506,0,0,0,0.0,0.0,0,0,0,0,0,0,0,0.0,0.0,0,0.0,0,0,0,0,0,0,0,0,0,-4.4e-05,0.0,0,0.0,0.0,0,0.0,0,0,-0.011540042,0,0,0.0,0.0,0.0,0.0,-4.4e-05,0,0,0,0.0,1e-05,0,0,0.0,0.0,0.0,0,0,-0.000176,0,0.001993392,0,0,-0.025659423,0,-0.004056688,0,0,0.034620127,0,0,0,0,0.0,0.0,0,0,-4.4e-05,0,-4.4e-05,0.0,0,0.0,0.0,0,0,0.0,0.0,0,0,0.0,0,-4.4e-05,0,0.0,0,0.014212149,0.014212149,0.014212149,0,0,-4.4e-05,0.0,0,0,0.0,0,-0.071330809,0,0,0,0,0,0.0,0,0,0.0,0,0,0
1407,72,0,0,0,0,0.0,0,0,0,0,0,-4.31e-05,0,0,-0.009849603,0.01393265,0.0,0,0,0,0.0,0,0,0,0.0,0,0,0,0,0,0,0,0,0,0,0,0,0,0.0,0,0,0,0,0,0,0,0,0,0,0.0,0,0,0,0,0,0.0,0,0,0,0,0,0,0,0,0,-0.001422709,0,0,-4.31e-05,0,0,0,0,0,0,0,-0.003100387,0,0,-0.001104352,0,0,0,0.0,0.0,0,0,0,0,0,0,0,0.0,0.0,0,0.0,0,0,0,0,0,0,0,0,0,-4.31e-05,0.0,0,0.0,0.0,0,0.0,0,0,-0.011313093,0,0,0.0,0.0,0.0,0.0,-4.31e-05,0,0,0,0.0,1e-05,0,0,0.0,0.0,0.0,0,0,-0.000173,0,0.001349296,0,0,-0.026364292,0,-0.003976908,0,0,0.03393928,0,0,0,0,0.0,0.0,0,0,-4.31e-05,0,-4.31e-05,0.0,0,0.0,0.0,0,0,0.0,0.0,0,0,0.0,0,-4.31e-05,0,0.0,0,0.01393265,0.01393265,0.01393265,0,0,-4.31e-05,0.0,0,0,0.0,0,-0.070331133,0,0,0,0,0,0.0,0,0,0.0,0,0,0
1422,73,0,0,0,0,0.0,0,0,0,0,0,-4.23e-05,0,0,-0.008448176,0.013661554,0.0,0,0,0,0.0,0,0,0,0.0,0,0,0,0,0,0,0,0,0,0,0,0,0,0.0,0,0,0,0,0,0,0,0,0,0,0.0,0,0,0,0,0,0.0,0,0,0,0,0,0,0,0,0,-0.000651,0,0,-4.23e-05,0,0,0,0,0,0,0,-0.003040061,0,0,-0.001082864,0,0,0,0.0,0.0,0,0,0,0,0,0,0,0.0,0.0,0,0.0,0,0,0,0,0,0,0,0,0,-4.23e-05,0.0,0,0.0,0.0,0,0.0,0,0,-0.011092967,0,0,0.0,0.0,0.0,0.0,-4.23e-05,0,0,0,0.0,1e-05,0,0,0.0,0.0,0.0,0,0,-0.000169,0,0.000765,0,0,-0.026968031,0,-0.003899527,0,0,0.033278902,0,0,0,0,0.0,0.0,0,0,-4.23e-05,0,-4.23e-05,0.0,0,0.0,0.0,0,0,0.0,0.0,0,0,0.0,0,-4.23e-05,0,0.0,0,0.013661554,0.013661554,0.013661554,0,0,-4.23e-05,0.0,0,0,0.0,0,-0.069334867,0,0,0,0,0,0.0,0,0,0.0,0,0,0
1437,74,0,0,0,0,0.0,0,0,0,0,0,-4.15e-05,0,0,-0.007304702,0.013398329,0.0,0,0,0,0.0,0,0,0,0.0,0,0,0,0,0,0,0,0,0,0,0,0,0,0.0,0,0,0,0,0,0,0,0,0,0,0.0,0,0,0,0,0,0.0,0,0,0,0,0,0,0,0,0,0.0,0,0,-4.15e-05,0,0,0,0,0,0,0,-0.002981486,0,0,-0.001062,0,0,0,0.0,0.0,0,0,0,0,0,0,0,0.0,0.0,0,0.0,0,0,0,0,0,0,0,0,0,-4.15e-05,0.0,0,0.0,0.0,0,0.0,0,0,-0.010879233,0,0,0.0,0.0,0.0,0.0,-4.15e-05,0,0,0,0.0,1e-05,0,0,0.0,0.0,0.0,0,0,-0.000166,0,0.000284,0,0,-0.027338942,0,-0.003799385,0,0,0.032637699,0,0,0,0,0.0,0.0,0,0,-4.15e-05,0,-4.15e-05,0.0,0,0.0,0.0,0,0,0.0,0.0,0,0,0.0,0,-4.15e-05,0,0.0,0,0.013398329,0.013398329,0.013398329,0,0,-4.15e-05,0.0,0,0,0.0,0,-0.068342997,0,0,0,0,0,0.0,0,0,0.0,0,0,0
1452,75,0,0,0,0,0.0,0,0,0,0,0,-4.07e-05,0,0,-0.007895326,0.013142996,0.0,0,0,0,0.0,0,0,0,0.0,0,0,0,0,0,0,0,0,0,0,0,0,0,0.0,0,0,0,0,0,0,0,0,0,0,0.0,0,0,0,0,0,0.0,0,0,0,0,0,0,0,0,0,0.0,0,0,-4.07e-05,0,0,0,0,0,0,0,-0.002924668,0,0,-0.001041761,0,0,0,0.0,0.0,0,0,0,0,0,0,0,0.0,0.0,0,0.0,0,0,0,0,0,0,0,0,0,-4.07e-05,0.0,0,0.0,0.0,0,0.0,0,0,-0.010671907,0,0,0.0,0.0,0.0,0.0,-4.07e-05,0,0,0,0.0,1e-05,0,0,0.0,0.0,0.0,0,0,-0.000163,0,0.00044,0,0,-0.025952941,0,-0.003402569,0,0,0.032015721,0,0,0,0,0.0,0.0,0,0,-4.07e-05,0,-4.07e-05,0.0,0,0.0,0.0,0,0,0.0,0.0,0,0,0.0,0,-4.07e-05,0,0.0,0,0.013142996,0.013142996,0.013142996,0,0,-4.07e-05,0.0,0,0,0.0,0,-0.067364991,0,0,0,0,0,0.0,0,0,0.0,0,0,0
1467,76,0,0,0,0,0.0,0,0,0,0,0,-3.99e-05,0,0,-0.008458048,0.012895297,0.0,0,0,0,0.0,0,0,0,0.0,0,0,0,0,0,0,0,0,0,0,0,0,0,0.0,0,0,0,0,0,0,0,0,0,0,0.0,0,0,0,0,0,0.0,0,0,0,0,0,0,0,0,0,0.0,0,0,-3.99e-05,0,0,0,0,0,0,0,-0.002869548,0,0,-0.001022128,0,0,0,0.0,0.0,0,0,0,0,0,0,0,0.0,0.0,0,0.0,0,0,0,0,0,0,0,0,0,-3.99e-05,0.0,0,0.0,0.0,0,0.0,0,0,-0.010470779,0,0,0.0,0.0,0.0,0.0,-3.99e-05,0,0,0,0.0,1e-05,0,0,0.0,0.0,0.0,0,0,-0.00016,0,0.00059,0,0,-0.024620518,0,-0.003022169,0,0,0.031412337,0,0,0,0,0.0,0.0,0,0,-3.99e-05,0,-3.99e-05,0.0,0,0.0,0.0,0,0,0.0,0.0,0,0,0.0,0,-3.99e-05,0,0.0,0,0.012895297,0.012895297,0.012895297,0,0,-3.99e-05,0.0,0,0,0.0,0,-0.066411673,0,0,0,0,0,0.0,0,0,0.0,0,0,0
1482,77,0,0,0,0,0.0,0,0,0,0,0,-3.92e-05,0,0,-0.008993051,0.012654711,0.0,0,0,0,0.0,0,0,0,0.0,0,0,0,0,0,0,0,0,0,0,0,0,0,0.0,0,0,0,0,0,0,0,0,0,0,0.0,0,0,0,0,0,0.0,0,0,0,0,0,0,0,0,0,0.0,0,0,-3.92e-05,0,0,0,0,0,0,0,-0.002816011,0,0,-0.001003058,0,0,0,0.0,0.0,0,0,0,0,0,0,0,0.0,0.0,0,0.0,0,0,0,0,0,0,0,0,0,-3.92e-05,0.0,0,0.0,0.0,0,0.0,0,0,-0.010275427,0,0,0.0,0.0,0.0,0.0,-3.92e-05,0,0,0,0.0,1e-05,0,0,0.0,0.0,0.0,0,0,-0.000157,0,0.000733,0,0,-0.023340057,0,-0.00265783,0,0,0.030826281,0,0,0,0,0.0,0.0,0,0,-3.92e-05,0,-3.92e-05,0.0,0,0.0,0.0,0,0,0.0,0.0,0,0,0.0,0,-3.92e-05,0,0.0,0,0.012654711,0.012654711,0.012654711,0,0,-3.92e-05,0.0,0,0,0.0,0,-0.065480592,0,0,0,0,0,0.0,0,0,0.0,0,0,0
1497,78,0,0,0,0,0.0,0,0,0,0,0,-3.85e-05,0,0,-0.009500741,0.012420751,0.0,0,0,0,0.0,0,0,0,0.0,0,0,0,0,0,0,0,0,0,0,0,0,0,0.0,0,0,0,0,0,0,0,0,0,0,0.0,0,0,0,0,0,0.0,0,0,0,0,0,0,0,0,0,0.0,0,0,-3.85e-05,0,0,0,0,0,0,0,-0.002763949,0,0,-0.000985,0,0,0,0.0,0.0,0,0,0,0,0,0,0,0.0,0.0,0,0.0,0,0,0,0,0,0,0,0,0,-3.85e-05,0.0,0,0.0,0.0,0,0.0,0,0,-0.010085455,0,0,0.0,0.0,0.0,0.0,-3.85e-05,0,0,0,0.0,1e-05,0,0,0.0,0.0,0.0,0,0,-0.000154,0,0.000869,0,0,-0.022109771,0,-0.002309117,0,0,0.030256365,0,0,0,0,0.0,0.0,0,0,-3.85e-05,0,-3.85e-05,0.0,0,0.0,0.0,0,0,0.0,0.0,0,0,0.0,0,-3.85e-05,0,0.0,0,0.012420751,0.012420751,0.012420751,0,0,-3.85e-05,0.0,0,0,0.0,0,-0.064569564,0,0,0,0,0,0.0,0,0,0.0,0,0,0
1512,79,0,0,0,0,0.0,0,0,0,0,0,-3.78e-05,0,0,-0.009955205,0.012191841,0.0,0,0,0,0.0,0,0,0,0.0,0,0,0,0,0,0,0,0,0,0,0,0,0,0.0,0,0,0,0,0,0,0,0,0,0,0.0,0,0,0,0,0,0.0,0,0,0,0,0,0,0,0,0,0.0,0,0,-3.78e-05,0,0,0,0,0,0,0,-0.00271301,0,0,-0.000966,0,0,0,0.0,0.0,0,0,0,0,0,0,0,0.0,0.0,0,0.0,0,0,0,0,0,0,0,0,0,-3.78e-05,0.0,0,0.0,0.0,0,0.0,0,0,-0.009899584,0,0,0.0,0.0,0.0,0.0,-3.78e-05,0,0,0,0.0,1e-05,0,0,0.0,0.0,0.0,0,0,-0.000151,0,0.000992,0,0,-0.020956133,0,-0.001986715,0,0,0.029698751,0,0,0,0,0.0,0.0,0,0,-3.78e-05,0,-3.78e-05,0.0,0,0.0,0.0,0,0,0.0,0.0,0,0,0.0,0,-3.78e-05,0,0.0,0,0.012191841,0.012191841,0.012191841,0,0,-3.78e-05,0.0,0,0,0.0,0,-0.063659414,0,0,0,0,0,0.0,0,0,0.0,0,0,0
1632,80,0,0,0,0,0.0,0,0,0,0,0,-3.71e-05,0,0,-0.010356038,0.011967435,0.0,0,0,0,0.0,0,0,0,0.0,0,0,0,0,0,0,0,0,0,0,0,0,0,0.0,0,0,0,0,0,0,0,0,0,0,0.0,0,0,0,0,0,0.0,0,0,0,0,0,0,0,0,0,0.0,0,0,-3.71e-05,0,0,0,0,0,0,0,-0.002663074,0,0,-0.000949,0,0,0,0.0,0.0,0,0,0,0,0,0,0,0.0,0.0,0,0.0,0,0,0,0,0,0,0,0,0,-3.71e-05,0.0,0,0.0,0.0,0,0.0,0,0,-0.00971737,0,0,0.0,0.0,0.0,0.0,-3.71e-05,0,0,0,0.0,1e-05,0,0,0.0,0.0,0.0,0,0,-0.000148,0,0.001103761,0,0,-0.019878161,0,-0.001690519,0,0,0.02915211,0,0,0,0,0.0,0.0,0,0,-3.71e-05,0,-3.71e-05,0.0,0,0.0,0.0,0,0,0.0,0.0,0,0,0.0,0,-3.71e-05,0,0.0,0,0.011967435,0.011967435,0.011967435,0,0,-3.71e-05,0.0,0,0,0.0,0,-0.062747314,0,0,0,0,0,0.0,0,0,0.0,0,0,0
1662,81,0,0,0,0,0.0,0,0,0,0,0,-3.64e-05,0,0,-0.010706132,0.011747149,0.0,0,0,0,0.0,0,0,0,0.0,0,0,0,0,0,0,0,0,0,0,0,0,0,0.0,0,0,0,0,0,0,0,0,0,0,0.0,0,0,0,0,0,0.0,0,0,0,0,0,0,0,0,0,0.0,0,0,-3.64e-05,0,0,0,0,0,0,0,-0.002614054,0,0,-0.000931,0,0,0,0.0,0.0,0,0,0,0,0,0,0,0.0,0.0,0,0.0,0,0,0,0,0,0,0,0,0,-3.64e-05,0.0,0,0.0,0.0,0,0.0,0,0,-0.009538501,0,0,0.0,0.0,0.0,0.0,-3.64e-05,0,0,0,0.0,1e-05,0,0,0.0,0.0,0.0,0,0,-0.000145,0,0.00120344,0,0,-0.018871391,0,-0.001419041,0,0,0.028615502,0,0,0,0,0.0,0.0,0,0,-3.64e-05,0,-3.64e-05,0.0,0,0.0,0.0,0,0,0.0,0.0,0,0,0.0,0,-3.64e-05,0,0.0,0,0.011747149,0.011747149,0.011747149,0,0,-3.64e-05,0.0,0,0,0.0,0,-0.061832675,0,0,0,0,0,0.0,0,0,0.0,0,0,0
1692,82,0,0,0,0,0.0,0,0,0,0,0,-3.57e-05,0,0,-0.011009589,0.011530681,0.0,0,0,0,0.0,0,0,0,0.0,0,0,0,0,0,0,0,0,0,0,0,0,0,0.0,0,0,0,0,0,0,0,0,0,0,0.0,0,0,0,0,0,0.0,0,0,0,0,0,0,0,0,0,0.0,0,0,-3.57e-05,0,0,0,0,0,0,0,-0.002565885,0,0,-0.000914,0,0,0,0.0,0.0,0,0,0,0,0,0,0,0.0,0.0,0,0.0,0,0,0,0,0,0,0,0,0,-3.57e-05,0.0,0,0.0,0.0,0,0.0,0,0,-0.009362732,0,0,0.0,0.0,0.0,0.0,-3.57e-05,0,0,0,0.0,1e-05,0,0,0.0,0.0,0.0,0,0,-0.000143,0,0.001292376,0,0,-0.017930155,0,-0.0011703,0,0,0.028088197,0,0,0,0,0.0,0.0,0,0,-3.57e-05,0,-3.57e-05,0.0,0,0.0,0.0,0,0,0.0,0.0,0,0,0.0,0,-3.57e-05,0,0.0,0,0.011530681,0.011530681,0.011530681,0,0,-3.57e-05,0.0,0,0,0.0,0,-0.060915861,0,0,0,0,0,0.0,0,0,0.0,0,0,0
1722,83,0,0,0,0,0.0,0,0,0,0,0,-3.5e-05,0,0,-0.011304931,0.011319267,0.0,0,0,0,0.0,0,0,0,0.0,0,0,0,0,0,0,0,0,0,0,0,0,0,0.0,0,0,0,0,0,0,0,0,0,0,0.0,0,0,0,0,0,0.0,0,0,0,0,0,0,0,0,0,0.0,0,0,-3.5e-05,0,0,0,0,0,0,0,-0.002518839,0,0,-0.000897,0,0,0,0.0,0.0,0,0,0,0,0,0,0,0.0,0.0,0,0.0,0,0,0,0,0,0,0,0,0,-3.5e-05,0.0,0,0.0,0.0,0,0.0,0,0,-0.009191068,0,0,0.0,0.0,0.0,0.0,-3.5e-05,0,0,0,0.0,1e-05,0,0,0.0,0.0,0.0,0,0,-0.00014,0,0.001379007,0,0,-0.017012114,0,-0.000928,0,0,0.027573203,0,0,0,0,0.0,0.0,0,0,-3.5e-05,0,-3.5e-05,0.0,0,0.0,0.0,0,0,0.0,0.0,0,0,0.0,0,-3.5e-05,0,0.0,0,0.011319267,0.011319267,0.011319267,0,0,-3.5e-05,0.0,0,0,0.0,0,-0.060019996,0,0,0,0,0,0.0,0,0,0.0,0,0,0
1737,84,0,0,0,0,0.0,0,0,0,0,0,-3.44e-05,0,0,-0.01161095,0.011113423,0.0,0,0,0,0.0,0,0,0,0.0,0,0,0,0,0,0,0,0,0,0,0,0,0,0.0,0,0,0,0,0,0,0,0,0,0,0.0,0,0,0,0,0,0.0,0,0,0,0,0,0,0,0,0,0.0,0,0,-3.44e-05,0,0,0,0,0,0,0,-0.002473034,0,0,-0.000881,0,0,0,0.0,0.0,0,0,0,0,0,0,0,0.0,0.0,0,0.0,0,0,0,0,0,0,0,0,0,-3.44e-05,0.0,0,0.0,0.0,0,0.0,0,0,-0.009023925,0,0,0.0,0.0,0.0,0.0,-3.44e-05,0,0,0,0.0,1e-05,0,0,0.0,0.0,0.0,0,0,-0.000138,0,0.001467457,0,0,-0.016096383,0,-0.000684,0,0,0.027071776,0,0,0,0,0.0,0.0,0,0,-3.44e-05,0,-3.44e-05,0.0,0,0.0,0.0,0,0,0.0,0.0,0,0,0.0,0,-3.44e-05,0,0.0,0,0.011113423,0.011113423,0.011113423,0,0,-3.44e-05,0.0,0,0,0.0,0,-0.059155932,0,0,0,0,0,0.0,0,0,0.0,0,0,0
1752,85,0,0,0,0,0.0,0,0,0,0,0,-3.38e-05,0,0,-0.011930813,0.010913048,0.0,0,0,0,0.0,0,0,0,0.0,0,0,0,0,0,0,0,0,0,0,0,0,0,0.0,0,0,0,0,0,0,0,0,0,0,0.0,0,0,0,0,0,0.0,0,0,0,0,0,0,0,0,0,0.0,0,0,-3.38e-05,0,0,0,0,0,0,0,-0.002428445,0,0,-0.000865,0,0,0,0.0,0.0,0,0,0,0,0,0,0,0.0,0.0,0,0.0,0,0,0,0,0,0,0,0,0,-3.38e-05,0.0,0,0.0,0.0,0,0.0,0,0,-0.008861224,0,0,0.0,0.0,0.0,0.0,-3.38e-05,0,0,0,0.0,1e-05,0,0,0.0,0.0,0.0,0,0,-0.000135,0,0.00155844,0,0,-0.015178939,0,-0.000436,0,0,0.026583672,0,0,0,0,0.0,0.0,0,0,-3.38e-05,0,-3.38e-05,0.0,0,0.0,0.0,0,0,0.0,0.0,0,0,0.0,0,-3.38e-05,0,0.0,0,0.010913048,0.010913048,0.010913048,0,0,-3.38e-05,0.0,0,0,0.0,0,-0.058324595,0,0,0,0,0,0.0,0,0,0.0,0,0,0
1767,86,0,0,0,0,0.0,0,0,0,0,0,-3.32e-05,0,0,-0.01226322,0.010717862,0.0,0,0,0,0.0,0,0,0,0.0,0,0,0,0,0,0,0,0,0,0,0,0,0,0.0,0,0,0,0,0,0,0,0,0,0,0.0,0,0,0,0,0,0.0,0,0,0,0,0,0,0,0,0,0.0,0,0,-3.32e-05,0,0,0,0,0,0,0,-0.002385011,0,0,-0.00085,0,0,0,0.0,0.0,0,0,0,0,0,0,0,0.0,0.0,0,0.0,0,0,0,0,0,0,0,0,0,-3.32e-05,0.0,0,0.0,0.0,0,0.0,0,0,-0.008702736,0,0,0.0,0.0,0.0,0.0,-3.32e-05,0,0,0,0.0,1e-05,0,0,0.0,0.0,0.0,0,0,-0.000133,0,0.001651695,0,0,-0.014260569,0,-0.000186,0,0,0.026108208,0,0,0,0,0.0,0.0,0,0,-3.32e-05,0,-3.32e-05,0.0,0,0.0,0.0,0,0,0.0,0.0,0,0,0.0,0,-3.32e-05,0,0.0,0,0.010717862,0.010717862,0.010717862,0,0,-3.32e-05,0.0,0,0,0.0,0,-0.057524042,0,0,0,0,0,0.0,0,0,0.0,0,0,0
1782,87,0,0,0,0,0.0,0,0,0,0,0,-3.26e-05,0,0,-0.012455512,0.0105276,0.0,0,0,0,0.0,0,0,0,0.0,0,0,0,0,0,0,0,0,0,0,0,0,0,0.0,0,0,0,0,0,0,0,0,0,0,0.0,0,0,0,0,0,0.0,0,0,0,0,0,0,0,0,0,0.0,0,0,-3.26e-05,0,0,0,0,0,0,0,-0.002342672,0,0,-0.000834,0,0,0,0.0,0.0,0,0,0,0,0,0,0,0.0,0.0,0,0.0,0,0,0,0,0,0,0,0,0,-3.26e-05,0.0,0,0.0,0.0,0,0.0,0,0,-0.008548246,0,0,0.0,0.0,0.0,0.0,-3.26e-05,0,0,0,0.0,1e-05,0,0,0.0,0.0,0.0,0,0,-0.00013,0,0.001713325,0,0,-0.013521491,0,0.0,0,0,0.025644739,0,0,0,0,0.0,0.0,0,0,-3.26e-05,0,-3.26e-05,0.0,0,0.0,0.0,0,0,0.0,0.0,0,0,0.0,0,-3.26e-05,0,0.0,0,0.0105276,0.0105276,0.0105276,0,0,-3.26e-05,0.0,0,0,0.0,0,-0.056685141,0,0,0,0,0,0.0,0,0,0.0,0,0,0
12,88,0,0,0,0,0.0,0,0,0,0,0,-3.2e-05,0,0,-0.012235951,0.010342098,0.0,0,0,0,0.0,0,0,0,0.0,0,0,0,0,0,0,0,0,0,0,0,0,0,0.0,0,0,0,0,0,0,0,0,0,0,0.0,0,0,0,0,0,0.0,0,0,0,0,0,0,0,0,0,0.0,0,0,-3.2e-05,0,0,0,0,0,0,0,-0.002301393,0,0,-0.00082,0,0,0,0.0,0.0,0,0,0,0,0,0,0,0.0,0.0,0,0.0,0,0,0,0,0,0,0,0,0,-3.2e-05,0.0,0,0.0,0.0,0,0.0,0,0,-0.008397622,0,0,0.0,0.0,0.0,0.0,-3.2e-05,0,0,0,0.0,1e-05,0,0,0.0,0.0,0.0,0,0,-0.000128,0,0.001682959,0,0,-0.013283323,0,0.0,0,0,0.025192866,0,0,0,0,0.0,0.0,0,0,-3.2e-05,0,-3.2e-05,0.0,0,0.0,0.0,0,0,0.0,0.0,0,0,0.0,0,-3.2e-05,0,0.0,0,0.010342098,0.010342098,0.010342098,0,0,-3.2e-05,0.0,0,0,0.0,0,-0.055686319,0,0,0,0,0,0.0,0,0,0.0,0,0,0
27,89,0,0,0,0,0.0,0,0,0,0,0,-3.13e-05,0,0,-0.011959692,0.010108693,0.0,0,0,0,0.0,0,0,0,0.0,0,0,0,0,0,0,0,0,0,0,0,0,0,0.0,0,0,0,0,0,0,0,0,0,0,0.0,0,0,0,0,0,0.0,0,0,0,0,0,0,0,0,0,0.0,0,0,-3.13e-05,0,0,0,0,0,0,0,-0.002249454,0,0,-0.000801,0,0,0,0.0,0.0,0,0,0,0,0,0,0,0.0,0.0,0,0.0,0,0,0,0,0,0,0,0,0,-3.13e-05,0.0,0,0.0,0.0,0,0.0,0,0,-0.0082081,0,0,0.0,0.0,0.0,0.0,-3.13e-05,0,0,0,0.0,1e-05,0,0,0.0,0.0,0.0,0,0,-0.000125,0,0.001644752,0,0,-0.012983652,0,0.0,0,0,0.024624301,0,0,0,0,0.0,0.0,0,0,-3.13e-05,0,-3.13e-05,0.0,0,0.0,0.0,0,0,0.0,0.0,0,0,0.0,0,-3.13e-05,0,0.0,0,0.010108693,0.010108693,0.010108693,0,0,-3.13e-05,0.0,0,0,0.0,0,-0.054429563,0,0,0,0,0,0.0,0,0,0.0,0,0,0
147,90,0,0,0,0,0.0,0,0,0,0,0,-3.06e-05,0,0,-0.011656532,0.009876807,0.0,0,0,0,0.0,0,0,0,0.0,0,0,0,0,0,0,0,0,0,0,0,0,0,0.0,0,0,0,0,0,0,0,0,0,0,0.0,0,0,0,0,0,0.0,0,0,0,0,0,0,0,0,0,0.0,0,0,-3.06e-05,0,0,0,0,0,0,0,-0.002197853,0,0,-0.000783,0,0,0,0.0,0.0,0,0,0,0,0,0,0,0.0,0.0,0,0.0,0,0,0,0,0,0,0,0,0,-3.06e-05,0.0,0,0.0,0.0,0,0.0,0,0,-0.008019813,0,0,0.0,0.0,0.0,0.0,-3.06e-05,0,0,0,0.0,1e-05,0,0,0.0,0.0,0.0,0,0,-0.000122,0,0.001600415,0,0,-0.012719945,0,-1.28e-05,0,0,0.024059438,0,0,0,0,0.0,0.0,0,0,-3.06e-05,0,-3.06e-05,0.0,0,0.0,0.0,0,0,0.0,0.0,0,0,0.0,0,-3.06e-05,0,0.0,0,0.009876807,0.009876807,0.009876807,0,0,-3.06e-05,0.0,0,0,0.0,0,-0.053168236,0,0,0,0,0,0.0,0,0,0.0,0,0,0
177,91,0,0,0,0,0.0,0,0,0,0,0,-2.99e-05,0,0,-0.011022566,0.0096464,0.0,0,0,0,0.0,0,0,0,0.0,0,0,0,0,0,0,0,0,0,0,0,0,0,0.0,0,0,0,0,0,0,0,0,0,0,0.0,0,0,0,0,0,0.0,0,0,0,0,0,0,0,0,0,0.0,0,0,-2.99e-05,0,0,0,0,0,0,0,-0.002146582,0,0,-0.000765,0,0,0,0.0,0.0,0,0,0,0,0,0,0,0.0,0.0,0,0.0,0,0,0,0,0,0,0,0,0,-2.99e-05,0.0,0,0.0,0.0,0,0.0,0,0,-0.007832725,0,0,0.0,0.0,0.0,0.0,-2.99e-05,0,0,0,0.0,1e-05,0,0,0.0,0.0,0.0,0,0,-0.000119,0,0.00148242,0,0,-0.012852276,0,-0.000173,0,0,0.023498176,0,0,0,0,0.0,0.0,0,0,-2.99e-05,0,-2.99e-05,0.0,0,0.0,0.0,0,0,0.0,0.0,0,0,0.0,0,-2.99e-05,0,0.0,0,0.0096464,0.0096464,0.0096464,0,0,-2.99e-05,0.0,0,0,0.0,0,-0.051767063,0,0,0,0,0,0.0,0,0,0.0,0,0,0
207,92,0,0,0,0,0.0,0,0,0,0,0,-2.92e-05,0,0,-0.010403949,0.009417591,0.0,0,0,0,0.0,0,0,0,0.0,0,0,0,0,0,0,0,0,0,0,0,0,0,0.0,0,0,0,0,0,0,0,0,0,0,0.0,0,0,0,0,0,0.0,0,0,0,0,0,0,0,0,0,0.0,0,0,-2.92e-05,0,0,0,0,0,0,0,-0.002095666,0,0,-0.000746,0,0,0,0.0,0.0,0,0,0,0,0,0,0,0.0,0.0,0,0.0,0,0,0,0,0,0,0,0,0,-2.92e-05,0.0,0,0.0,0.0,0,0.0,0,0,-0.007646936,0,0,0.0,0.0,0.0,0.0,-2.92e-05,0,0,0,0.0,1e-05,0,0,0.0,0.0,0.0,0,0,-0.000117,0,0.001367676,0,0,-0.012970712,0,-0.000328,0,0,0.022940809,0,0,0,0,0.0,0.0,0,0,-2.92e-05,0,-2.92e-05,0.0,0,0.0,0.0,0,0,0.0,0.0,0,0,0.0,0,-2.92e-05,0,0.0,0,0.009417591,0.009417591,0.009417591,0,0,-2.92e-05,0.0,0,0,0.0,0,-0.050380484,0,0,0,0,0,0.0,0,0,0.0,0,0,0
237,93,0,0,0,0,0.0,0,0,0,0,0,-2.85e-05,0,0,-0.009798983,0.009190338,0.0,0,0,0,0.0,0,0,0,0.0,0,0,0,0,0,0,0,0,0,0,0,0,0,0.0,0,0,0,0,0,0,0,0,0,0,0.0,0,0,0,0,0,0.0,0,0,0,0,0,0,0,0,0,0.0,0,0,-2.85e-05,0,0,0,0,0,0,0,-0.002045096,0,0,-0.000728,0,0,0,0.0,0.0,0,0,0,0,0,0,0,0.0,0.0,0,0.0,0,0,0,0,0,0,0,0,0,-2.85e-05,0.0,0,0.0,0.0,0,0.0,0,0,-0.00746241,0,0,0.0,0.0,0.0,0.0,-2.85e-05,0,0,0,0.0,1e-05,0,0,0.0,0.0,0.0,0,0,-0.000114,0,0.001255812,0,0,-0.013077146,0,-0.000477,0,0,0.022387231,0,0,0,0,0.0,0.0,0,0,-2.85e-05,0,-2.85e-05,0.0,0,0.0,0.0,0,0,0.0,0.0,0,0,0.0,0,-2.85e-05,0,0.0,0,0.009190338,0.009190338,0.009190338,0,0,-2.85e-05,0.0,0,0,0.0,0,-0.049007525,0,0,0,0,0,0.0,0,0,0.0,0,0,0
252,94,0,0,0,0,0.0,0,0,0,0,0,-2.78e-05,0,0,-0.009206059,0.008964607,0.0,0,0,0,0.0,0,0,0,0.0,0,0,0,0,0,0,0,0,0,0,0,0,0,0.0,0,0,0,0,0,0,0,0,0,0,0.0,0,0,0,0,0,0.0,0,0,0,0,0,0,0,0,0,0.0,0,0,-2.78e-05,0,0,0,0,0,0,0,-0.001994865,0,0,-0.000711,0,0,0,0.0,0.0,0,0,0,0,0,0,0,0.0,0.0,0,0.0,0,0,0,0,0,0,0,0,0,-2.78e-05,0.0,0,0.0,0.0,0,0.0,0,0,-0.007279121,0,0,0.0,0.0,0.0,0.0,-2.78e-05,0,0,0,0.0,1e-05,0,0,0.0,0.0,0.0,0,0,-0.000111,0,0.001146472,0,0,-0.013173401,0,-0.000622,0,0,0.021837362,0,0,0,0,0.0,0.0,0,0,-2.78e-05,0,-2.78e-05,0.0,0,0.0,0.0,0,0,0.0,0.0,0,0,0.0,0,-2.78e-05,0,0.0,0,0.008964607,0.008964607,0.008964607,0,0,-2.78e-05,0.0,0,0,0.0,0,-0.047647318,0,0,0,0,0,0.0,0,0,0.0,0,0,0
267,95,0,0,0,0,0.0,0,0,0,0,0,-2.71e-05,0,0,-0.008607678,0.008739706,0.0,0,0,0,0.0,0,0,0,0.0,0,0,0,0,0,0,0,0,0,0,0,0,0,0.0,0,0,0,0,0,0,0,0,0,0,0.0,0,0,0,0,0,0.0,0,0,0,0,0,0,0,0,0,0.0,0,0,-2.71e-05,0,0,0,0,0,0,0,-0.001944818,0,0,-0.000693,0,0,0,0.0,0.0,0,0,0,0,0,0,0,0.0,0.0,0,0.0,0,0,0,0,0,0,0,0,0,-2.71e-05,0.0,0,0.0,0.0,0,0.0,0,0,-0.007096504,0,0,0.0,0.0,0.0,0.0,-2.71e-05,0,0,0,0.0,1e-05,0,0,0.0,0.0,0.0,0,0,-0.000108,0,0.001035838,0,0,-0.013278349,0,-0.00077,0,0,0.021289512,0,0,0,0,0.0,0.0,0,0,-2.71e-05,0,-2.71e-05,0.0,0,0.0,0.0,0,0,0.0,0.0,0,0,0.0,0,-2.71e-05,0,0.0,0,0.008739706,0.008739706,0.008739706,0,0,-2.71e-05,0.0,0,0,0.0,0,-0.046288711,0,0,0,0,0,0.0,0,0,0.0,0,0,0
282,96,0,0,0,0,0.0,0,0,0,0,0,-2.64e-05,0,0,-0.007934435,0.008512708,0.0,0,0,0,0.0,0,0,0,0.0,0,0,0,0,0,0,0,0,0,0,0,0,0,0.0,0,0,0,0,0,0,0,0,0,0,0.0,0,0,0,0,0,0.0,0,0,0,0,0,0,0,0,0,0.0,0,0,-2.64e-05,0,0,0,0,0,0,0,-0.001894305,0,0,-0.000675,0,0,0,0.0,0.0,0,0,0,0,0,0,0,0.0,0.0,0,0.0,0,0,0,0,0,0,0,0,0,-2.64e-05,0.0,0,0.0,0.0,0,0.0,0,0,-0.006912185,0,0,0.0,0.0,0.0,0.0,-2.64e-05,0,0,0,0.0,1e-05,0,0,0.0,0.0,0.0,0,0,-0.000105,0,0.000909,0,0,-0.013466394,0,-0.000949,0,0,0.020736556,0,0,0,0,0.0,0.0,0,0,-2.64e-05,0,-2.64e-05,0.0,0,0.0,0.0,0,0,0.0,0.0,0,0,0.0,0,-2.64e-05,0,0.0,0,0.008512708,0.008512708,0.008512708,0,0,-2.64e-05,0.0,0,0,0.0,0,-0.044886651,0,0,0,0,0,0.0,0,0,0.0,0,0,0
297,97,0,0,0,0,0.0,0,0,0,0,0,-2.57e-05,0,0,-0.007194374,0.008283791,0.0,0,0,0,0.0,0,0,0,0.0,0,0,0,0,0,0,0,0,0,0,0,0,0,0.0,0,0,0,0,0,0,0,0,0,0,0.0,0,0,0,0,0,0.0,0,0,0,0,0,0,0,0,0,0.0,0,0,-2.57e-05,0,0,0,0,0,0,0,-0.001843365,0,0,-0.000657,0,0,0,0.0,0.0,0,0,0,0,0,0,0,0.0,0.0,0,0.0,0,0,0,0,0,0,0,0,0,-2.57e-05,0.0,0,0.0,0.0,0,0.0,0,0,-0.006726308,0,0,0.0,0.0,0.0,0.0,-2.57e-05,0,0,0,0.0,1e-05,0,0,0.0,0.0,0.0,0,0,-0.000103,0,0.000767,0,0,-0.01372847,0,-0.001157936,0,0,0.020178925,0,0,0,0,0.0,0.0,0,0,-2.57e-05,0,-2.57e-05,0.0,0,0.0,0.0,0,0,0.0,0.0,0,0,0.0,0,-2.57e-05,0,0.0,0,0.008283791,0.008283791,0.008283791,0,0,-2.57e-05,0.0,0,0,0.0,0,-0.043445567,0,0,0,0,0,0.0,0,0,0.0,0,0,0
312,98,0,0,0,0,0.0,0,0,0,0,0,-2.49e-05,0,0,-0.006392454,0.00805304,0.0,0,0,0,0.0,0,0,0,0.0,0,0,0,0,0,0,0,0,0,0,0,0,0,0.0,0,0,0,0,0,0,0,0,0,0,0.0,0,0,0,0,0,0.0,0,0,0,0,0,0,0,0,0,0.0,0,0,-2.49e-05,0,0,0,0,0,0,0,-0.001792017,0,0,-0.000638,0,0,0,0.0,0.0,0,0,0,0,0,0,0,0.0,0.0,0,0.0,0,0,0,0,0,0,0,0,0,-2.49e-05,0.0,0,0.0,0.0,0,0.0,0,0,-0.006538942,0,0,0.0,0.0,0.0,0.0,-2.49e-05,0,0,0,0.0,1e-05,0,0,0.0,0.0,0.0,0,0,-9.97e-05,0,0.000612,0,0,-0.014058936,0,-0.001392959,0,0,0.019616827,0,0,0,0,0.0,0.0,0,0,-2.49e-05,0,-2.49e-05,0.0,0,0.0,0.0,0,0,0.0,0.0,0,0,0.0,0,-2.49e-05,0,0.0,0,0.00805304,0.00805304,0.00805304,0,0,-2.49e-05,0.0,0,0,0.0,0,-0.041968083,0,0,0,0,0,0.0,0,0,0.0,0,0,0
327,99,0,0,0,0,0.0,0,0,0,0,0,-2.42e-05,0,0,-0.005540314,0.007820871,0.0,0,0,0,0.0,0,0,0,0.0,0,0,0,0,0,0,0,0,0,0,0,0,0,0.0,0,0,0,0,0,0,0,0,0,0,0.0,0,0,0,0,0,0.0,0,0,0,0,0,0,0,0,0,0.0,0,0,-2.42e-05,0,0,0,0,0,0,0,-0.001740353,0,0,-0.00062,0,0,0,0.0,0.0,0,0,0,0,0,0,0,0.0,0.0,0,0.0,0,0,0,0,0,0,0,0,0,-2.42e-05,0.0,0,0.0,0.0,0,0.0,0,0,-0.006350424,0,0,0.0,0.0,0.0,0.0,-2.42e-05,0,0,0,0.0,1e-05,0,0,0.0,0.0,0.0,0,0,-9.69e-05,0,0.000445,0,0,-0.01444511,0,-0.001649556,0,0,0.019051273,0,0,0,0,0.0,0.0,0,0,-2.42e-05,0,-2.42e-05,0.0,0,0.0,0.0,0,0,0.0,0.0,0,0,0.0,0,-2.42e-05,0,0.0,0,0.007820871,0.007820871,0.007820871,0,0,-2.42e-05,0.0,0,0,0.0,0,-0.040461385,0,0,0,0,0,0.0,0,0,0.0,0,0,0
1527,100,0,0,0,0,0.0,0,0,0,0,0,-2.35e-05,0,0,-0.004645017,0.007587529,0.0,0,0,0,0.0,0,0,0,0.0,0,0,0,0,0,0,0,0,0,0,0,0,0,0.0,0,0,0,0,0,0,0,0,0,0,0.0,0,0,0,0,0,0.0,0,0,0,0,0,0,0,0,0,0.0,0,0,-2.35e-05,0,0,0,0,0,0,0,-0.001688428,0,0,-0.000601,0,0,0,0.0,0.0,0,0,0,0,0,0,0,0.0,0.0,0,0.0,0,0,0,0,0,0,0,0,0,-2.35e-05,0.0,0,0.0,0.0,0,0.0,0,0,-0.006160955,0,0,0.0,0.0,0.0,0.0,-2.35e-05,0,0,0,0.0,1e-05,0,0,0.0,0.0,0.0,0,0,-9.4e-05,0,0.00027,0,0,-0.014879286,0,-0.001924718,0,0,0.018482865,0,0,0,0,0.0,0.0,0,0,-2.35e-05,0,-2.35e-05,0.0,0,0.0,0.0,0,0,0.0,0.0,0,0,0.0,0,-2.35e-05,0,0.0,0,0.007587529,0.007587529,0.007587529,0,0,-2.35e-05,0.0,0,0,0.0,0,-0.038929813,0,0,0,0,0,0.0,0,0,0.0,0,0,0
1542,101,0,0,0,0,0.0,0,0,0,0,0,-2.28e-05,0,0,-0.004354931,0.007353284,0.0,0,0,0,0.0,0,0,0,0.0,0,0,0,0,0,0,0,0,0,0,0,0,0,0.0,0,0,0,0,0,0,0,0,0,0,0.0,0,0,0,0,0,0.0,0,0,0,0,0,0,0,0,0,-0.000233,0,0,-2.28e-05,0,0,0,0,0,0,0,-0.001636302,0,0,-0.000583,0,0,0,0.0,0.0,0,0,0,0,0,0,0,0.0,0.0,0,0.0,0,0,0,0,0,0,0,0,0,-2.28e-05,0.0,0,0.0,0.0,0,0.0,0,0,-0.005970751,0,0,0.0,0.0,0.0,0.0,-2.28e-05,0,0,0,0.0,1e-05,0,0,0.0,0.0,0.0,0,0,-9.11e-05,0,0.000319,0,0,-0.014693106,0,-0.002098907,0,0,0.017912254,0,0,0,0,0.0,0.0,0,0,-2.28e-05,0,-2.28e-05,0.0,0,0.0,0.0,0,0,0.0,0.0,0,0,0.0,0,-2.28e-05,0,0.0,0,0.007353284,0.007353284,0.007353284,0,0,-2.28e-05,0.0,0,0,0.0,0,-0.037377701,0,0,0,0,0,0.0,0,0,0.0,0,0,0
1557,102,0,0,0,0,0.0,0,0,0,0,0,-2.2e-05,0,0,-0.005431009,0.007118324,0.0,0,0,0,0.0,0,0,0,0.0,0,0,0,0,0,0,0,0,0,0,0,0,0,0.0,0,0,0,0,0,0,0,0,0,0,0.0,0,0,0,0,0,0.0,0,0,0,0,0,0,0,0,0,-0.000974,0,0,-2.2e-05,0,0,0,0,0,0,0,-0.001584017,0,0,-0.000564,0,0,0,0.0,0.0,0,0,0,0,0,0,0,0.0,0.0,0,0.0,0,0,0,0,0,0,0,0,0,-2.2e-05,0.0,0,0.0,0.0,0,0.0,0,0,-0.005779967,0,0,0.0,0.0,0.0,0.0,-2.2e-05,0,0,0,0.0,1e-05,0,0,0.0,0.0,0.0,0,0,-8.82e-05,0,0.00087,0,0,-0.013101876,0,-0.00203184,0,0,0.017339901,0,0,0,0,0.0,0.0,0,0,-2.2e-05,0,-2.2e-05,0.0,0,0.0,0.0,0,0,0.0,0.0,0,0,0.0,0,-2.2e-05,0,0.0,0,0.007118324,0.007118324,0.007118324,0,0,-2.2e-05,0.0,0,0,0.0,0,-0.035809401,0,0,0,0,0,0.0,0,0,0.0,0,0,0
1572,103,0,0,0,0,0.0,0,0,0,0,0,-2.13e-05,0,0,-0.006533837,0.006882795,0.0,0,0,0,0.0,0,0,0,0.0,0,0,0,0,0,0,0,0,0,0,0,0,0,0.0,0,0,0,0,0,0,0,0,0,0,0.0,0,0,0,0,0,0.0,0,0,0,0,0,0,0,0,0,-0.001730897,0,0,-2.13e-05,0,0,0,0,0,0,0,-0.001531606,0,0,-0.000546,0,0,0,0.0,0.0,0,0,0,0,0,0,0,0.0,0.0,0,0.0,0,0,0,0,0,0,0,0,0,-2.13e-05,0.0,0,0.0,0.0,0,0.0,0,0,-0.005588722,0,0,0.0,0.0,0.0,0.0,-2.13e-05,0,0,0,0.0,1e-05,0,0,0.0,0.0,0.0,0,0,-8.52e-05,0,0.001432552,0,0,-0.011484507,0,-0.001964611,0,0,0.016766165,0,0,0,0,0.0,0.0,0,0,-2.13e-05,0,-2.13e-05,0.0,0,0.0,0.0,0,0,0.0,0.0,0,0,0.0,0,-2.13e-05,0,0.0,0,0.006882795,0.006882795,0.006882795,0,0,-2.13e-05,0.0,0,0,0.0,0,-0.034229877,0,0,0,0,0,0.0,0,0,0.0,0,0,0
1587,104,0,0,0,0,0.0,0,0,0,0,0,-2.06e-05,0,0,-0.007656819,0.006646985,0.0,0,0,0,0.0,0,0,0,0.0,0,0,0,0,0,0,0,0,0,0,0,0,0,0.0,0,0,0,0,0,0,0,0,0,0,0.0,0,0,0,0,0,0.0,0,0,0,0,0,0,0,0,0,-0.002500523,0,0,-2.06e-05,0,0,0,0,0,0,0,-0.001479132,0,0,-0.000527,0,0,0,0.0,0.0,0,0,0,0,0,0,0,0.0,0.0,0,0.0,0,0,0,0,0,0,0,0,0,-2.06e-05,0.0,0,0.0,0.0,0,0.0,0,0,-0.005397247,0,0,0.0,0.0,0.0,0.0,-2.06e-05,0,0,0,0.0,1e-05,0,0,0.0,0.0,0.0,0,0,-8.23e-05,0,0.002004825,0,0,-0.009847818,0,-0.001897302,0,0,0.016191742,0,0,0,0,0.0,0.0,0,0,-2.06e-05,0,-2.06e-05,0.0,0,0.0,0.0,0,0,0.0,0.0,0,0,0.0,0,-2.06e-05,0,0.0,0,0.006646985,0.006646985,0.006646985,0,0,-2.06e-05,0.0,0,0,0.0,0,-0.032642668,0,0,0,0,0,0.0,0,0,0.0,0,0,0
1602,105,0,0,0,0,0.0,0,0,0,0,0,-1.99e-05,0,0,-0.008792206,0.006411241,0.0,0,0,0,0.0,0,0,0,0.0,0,0,0,0,0,0,0,0,0,0,0,0,0,0.0,0,0,0,0,0,0,0,0,0,0,0.0,0,0,0,0,0,0.0,0,0,0,0,0,0,0,0,0,-0.003277761,0,0,-1.99e-05,0,0,0,0,0,0,0,-0.001426672,0,0,-0.000508,0,0,0,0.0,0.0,0,0,0,0,0,0,0,0.0,0.0,0,0.0,0,0,0,0,0,0,0,0,0,-1.99e-05,0.0,0,0.0,0.0,0,0.0,0,0,-0.005205828,0,0,0.0,0.0,0.0,0.0,-1.99e-05,0,0,0,0.0,1e-05,0,0,0.0,0.0,0.0,0,0,-7.94e-05,0,0.002582808,0,0,-0.008199848,0,-0.001830012,0,0,0.015617483,0,0,0,0,0.0,0.0,0,0,-1.99e-05,0,-1.99e-05,0.0,0,0.0,0.0,0,0,0.0,0.0,0,0,0.0,0,-1.99e-05,0,0.0,0,0.006411241,0.006411241,0.006411241,0,0,-1.99e-05,0.0,0,0,0.0,0,-0.031051997,0,0,0,0,0,0.0,0,0,0.0,0,0,0
1617,106,0,0,0,0,0.0,0,0,0,0,0,-1.91e-05,0,0,-0.009932554,0.006175932,0.0,0,0,0,0.0,0,0,0,0.0,0,0,0,0,0,0,0,0,0,0,0,0,0,0.0,0,0,0,0,0,0,0,0,0,0,0.0,0,0,0,0,0,0.0,0,0,0,0,0,0,0,0,0,-0.004057906,0,0,-1.91e-05,0,0,0,0,0,0,0,-0.00137431,0,0,-0.00049,0,0,0,0.0,0.0,0,0,0,0,0,0,0,0.0,0.0,0,0.0,0,0,0,0,0,0,0,0,0,-1.91e-05,0.0,0,0.0,0.0,0,0.0,0,0,-0.00501476,0,0,0.0,0.0,0.0,0.0,-1.91e-05,0,0,0,0.0,1e-05,0,0,0.0,0.0,0.0,0,0,-7.65e-05,0,0.003162982,0,0,-0.006548402,0,-0.001762846,0,0,0.015044279,0,0,0,0,0.0,0.0,0,0,-1.91e-05,0,-1.91e-05,0.0,0,0.0,0.0,0,0,0.0,0.0,0,0,0.0,0,-1.91e-05,0,0.0,0,0.006175932,0.006175932,0.006175932,0,0,-1.91e-05,0.0,0,0,0.0,0,-0.029462081,0,0,0,0,0,0.0,0,0,0.0,0,0,0
1647,107,0,0,0,0,0.0,0,0,0,0,0,-1.84e-05,0,0,-0.01107078,0.00594143,0.0,0,0,0,0.0,0,0,0,0.0,0,0,0,0,0,0,0,0,0,0,0,0,0,0.0,0,0,0,0,0,0,0,0,0,0,0.0,0,0,0,0,0,0.0,0,0,0,0,0,0,0,0,0,-0.004836478,0,0,-1.84e-05,0,0,0,0,0,0,0,-0.001322127,0,0,-0.000471,0,0,0,0.0,0.0,0,0,0,0,0,0,0,0.0,0.0,0,0.0,0,0,0,0,0,0,0,0,0,-1.84e-05,0.0,0,0.0,0.0,0,0.0,0,0,-0.004824348,0,0,0.0,0.0,0.0,0.0,-1.84e-05,0,0,0,0.0,1e-05,0,0,0.0,0.0,0.0,0,0,-7.36e-05,0,0.003741991,0,0,-0.004900971,0,-0.00169591,0,0,0.014473044,0,0,0,0,0.0,0.0,0,0,-1.84e-05,0,-1.84e-05,0.0,0,0.0,0.0,0,0,0.0,0.0,0,0,0.0,0,-1.84e-05,0,0.0,0,0.00594143,0.00594143,0.00594143,0,0,-1.84e-05,0.0,0,0,0.0,0,-0.027877073,0,0,0,0,0,0.0,0,0,0.0,0,0,0
1677,108,0,0,0,0,0.0,0,0,0,0,0,-1.77e-05,0,0,-0.012200086,0.005708123,0.0,0,0,0,0.0,0,0,0,0.0,0,0,0,0,0,0,0,0,0,0,0,0,0,0.0,0,0,0,0,0,0,0,0,0,0,0.0,0,0,0,0,0,0.0,0,0,0,0,0,0,0,0,0,-0.005609162,0,0,-1.77e-05,0,0,0,0,0,0,0,-0.00127021,0,0,-0.000452,0,0,0,0.0,0.0,0,0,0,0,0,0,0,0.0,0.0,0,0.0,0,0,0,0,0,0,0,0,0,-1.77e-05,0.0,0,0.0,0.0,0,0.0,0,0,-0.004634906,0,0,0.0,0.0,0.0,0.0,-1.77e-05,0,0,0,0.0,1e-05,0,0,0.0,0.0,0.0,0,0,-7.07e-05,0,0.00431661,0,0,-0.003264814,0,-0.001629315,0,0,0.013904719,0,0,0,0,0.0,0.0,0,0,-1.77e-05,0,-1.77e-05,0.0,0,0.0,0.0,0,0,0.0,0.0,0,0,0.0,0,-1.77e-05,0,0.0,0,0.005708123,0.005708123,0.005708123,0,0,-1.77e-05,0.0,0,0,0.0,0,-0.026301099,0,0,0,0,0,0.0,0,0,0.0,0,0,0
1707,109,0,0,0,0,0.0,0,0,0,0,0,-1.7e-05,0,0,-0.013314012,0.0054764,0.0,0,0,0,0.0,0,0,0,0.0,0,0,0,0,0,0,0,0,0,0,0,0,0,0.0,0,0,0,0,0,0,0,0,0,0,0.0,0,0,0,0,0,0.0,0,0,0,0,0,0,0,0,0,-0.006371853,0,0,-1.7e-05,0,0,0,0,0,0,0,-0.001218645,0,0,-0.000434,0,0,0,0.0,0.0,0,0,0,0,0,0,0,0.0,0.0,0,0.0,0,0,0,0,0,0,0,0,0,-1.7e-05,0.0,0,0.0,0.0,0,0.0,0,0,-0.004446751,0,0,0.0,0.0,0.0,0.0,-1.7e-05,0,0,0,0.0,1e-05,0,0,0.0,0.0,0.0,0,0,-6.78e-05,0,0.004883768,0,0,-0.001646887,0,-0.001563173,0,0,0.013340254,0,0,0,0,0.0,0.0,0,0,-1.7e-05,0,-1.7e-05,0.0,0,0.0,0.0,0,0,0.0,0.0,0,0,0.0,0,-1.7e-05,0,0.0,0,0.0054764,0.0054764,0.0054764,0,0,-1.7e-05,0.0,0,0,0.0,0,-0.024738203,0,0,0,0,0,0.0,0,0,0.0,0,0,0
42,110,0,0,0,0,0.0,0,0,0,0,0,-1.62e-05,0,0,-0.014365964,0.005247887,0.0,0,0,0,0.0,0,0,0,0.0,0,0,0,0,0,0,0,0,0,0,0,0,0,0.0,0,0,0,0,0,0,0,0,0,0,0.0,0,0,0,0,0,0.0,0,0,0,0,0,0,0,0,0,-0.007095337,0,0,-1.62e-05,0,0,0,0,0,0,0,-0.001167795,0,0,-0.000416,0,0,0,0.0,0.0,0,0,0,0,0,0,0,0.0,0.0,0,0.0,0,0,0,0,0,0,0,0,0,-1.62e-05,0.0,0,0.0,0.0,0,0.0,0,0,-0.004261202,0,0,0.0,0.0,0.0,0.0,-1.62e-05,0,0,0,0.0,1e-05,0,0,0.0,0.0,0.0,0,0,-6.5e-05,0,0.005421587,0,0,-9.43e-05,0,-0.001497947,0,0,0.012783607,0,0,0,0,0.0,0.0,0,0,-1.62e-05,0,-1.62e-05,0.0,0,0.0,0.0,0,0,0.0,0.0,0,0,0.0,0,-1.62e-05,0,0.0,0,0.005247887,0.005247887,0.005247887,0,0,-1.62e-05,0.0,0,0,0.0,0,-0.023211274,0,0,0,0,0,0.0,0,0,0.0,0,0,0
57,111,0,0,0,0,0.0,0,0,0,0,0,-1.56e-05,0,0,-0.013993782,0.005023393,0.0,0,0,0,0.0,0,0,0,-0.000359,0,0,0,0,0,0,0,0,0,0,0,0,0,0.0,0,0,0,0,0,0,0,0,0,0,0.0,0,0,0,0,0,0.0,0,0,0,0,0,0,0,0,0,-0.007410316,0,0,-1.56e-05,0,0,0,0,0,0,0,-0.001117839,0,0,-0.000398,0,0,0,0.0,0.0,0,0,0,0,0,0,0,0.0,0.0,0,0.0,0,0,0,0,0,0,0,0,0,-1.56e-05,0.0,0,0.0,0.0,0,0.0,0,0,-0.004078917,0,0,0.0,0.0,0.0,0.0,-1.56e-05,0,0,0,0.0,1e-05,0,0,0.0,0.0,0.0,0,0,-6.22e-05,0,0.005742817,0,0,0.0,0,-0.001433867,0,0,0.01223675,0,0,0,0,0.0,0.0,0,0,-1.56e-05,0,-1.56e-05,0.0,0,0.0,0.0,0,0,0.0,0.0,0,0,0.0,0,-1.56e-05,0,0.0,0,0.005023393,0.005023393,0.005023393,0,0,-1.56e-05,0.0,0,0,0.0,0,-0.021729681,0,0,0,0,0,0.0,0,0,0.0,0,0,0
72,112,0,0,0,0,0.0,0,0,0,0,0,-1.49e-05,0,0,-0.013532653,0.004803819,0.0,0,0,0,0.0,0,0,0,-0.000717,0,0,0,0,0,0,0,0,0,0,0,0,0,0.0,0,0,0,0,0,0,0,0,0,0,0.0,0,0,0,0,0,0.0,0,0,0,0,0,0,0,0,0,-0.007667897,0,0,-1.49e-05,0,0,0,0,0,0,0,-0.001068978,0,0,-0.000381,0,0,0,0.0,0.0,0,0,0,0,0,0,0,0.0,0.0,0,0.0,0,0,0,0,0,0,0,0,0,-1.49e-05,0.0,0,0.0,0.0,0,0.0,0,0,-0.003900625,0,0,0.0,0.0,0.0,0.0,-1.49e-05,0,0,0,0.0,1e-05,0,0,0.0,0.0,0.0,0,0,-5.95e-05,0,0.006020906,0,0,0.0,0,-0.001371192,0,0,0.011701876,0,0,0,0,0.0,0.0,0,0,-1.49e-05,0,-1.49e-05,0.0,0,0.0,0.0,0,0,0.0,0.0,0,0,0.0,0,-1.49e-05,0,0.0,0,0.004803819,0.004803819,0.004803819,0,0,-1.49e-05,0.0,0,0,0.0,0,-0.020302263,0,0,0,0,0,0.0,0,0,0.0,0,0,0
87,113,0,0,0,0,0.0,0,0,0,0,0,-1.42e-05,0,0,-0.013075765,0.004589373,0.0,0,0,0,0.0,0,0,0,0.0,0,0,0,0,0,0,0,0,0,0,0,0,0,0.0,0,0,0,0,0,0,0,0,0,0,0.0,0,0,0,0,0,0.0,0,0,0,0,0,0,0,0,0,-0.007894247,0,0,-1.42e-05,0,0,0,0,0,0,0,-0.001021258,0,0,-0.000364,0,0,0,0.0,0.0,0,0,0,0,0,0,0,-0.00105032,0.0,0,0.0,0,0,0,0,0,0,0,0,0,-1.42e-05,0.0,0,0.0,0.0,0,0.0,0,0,-0.003726499,0,0,0.0,0.0,0.0,0.0,-1.42e-05,0,0,0,0.0,1e-05,0,0,0.0,0.0,0.0,0,0,-5.68e-05,0,0.006269536,0,0,0.0,0,-0.001309981,0,0,0.011179496,0,0,0,0,0.0,0.0,0,0,-1.42e-05,0,-1.42e-05,0.0,0,0.0,0.0,0,0,0.0,0.0,0,0,0.0,0,-1.42e-05,0,0.0,0,0.004589373,0.004589373,0.004589373,0,0,-1.42e-05,0.0,0,0,0.0,0,-0.018928897,0,0,0,0,0,0.0,0,0,0.0,0,0,0
102,114,0,0,0,0,0.0,0,0,0,0,0,-1.36e-05,0,0,-0.012623928,0.004380236,0.0,0,0,0,0.0,0,0,0,0.0,0,0,0,0,0,0,0,0,0,0,0,0,0,0.0,0,0,0,0,0,0,0,0,0,0,0.0,0,0,0,0,0,0.0,0,0,0,0,0,0,0,0,0,-0.008090815,0,0,-1.36e-05,0,0,0,0,0,0,0,-0.000975,0,0,-0.000347,0,0,0,0.0,0.0,0,0,0,0,0,0,0,-0.001359985,0.0,0,0.0,0,0,0,0,0,0,0,0,0,-1.36e-05,0.0,0,0.0,0.0,0,0.0,0,0,-0.003556683,0,0,0.0,0.0,0.0,0.0,-1.36e-05,0,0,0,0.0,1e-05,0,0,0.0,0.0,0.0,0,0,-5.43e-05,0,0.006489992,0,0,0.0,0,-0.001250286,0,0,0.010670048,0,0,0,0,0.0,0.0,0,0,-1.36e-05,0,-1.36e-05,0.0,0,0.0,0.0,0,0,0.0,0.0,0,0,0.0,0,-1.36e-05,0,0.0,0,0.004380236,0.004380236,0.004380236,0,0,-1.36e-05,0.0,0,0,0.0,0,-0.017609392,0,0,0,0,0,0.0,0,0,0.0,0,0,0
117,115,0,0,0,0,0.0,0,0,0,0,0,-1.29e-05,0,0,-0.012177883,0.004176566,0.0,0,0,0,0.0,0,0,0,-7.88e-05,0,0,0,0,0,0,0,0,0,0,0,0,0,0.0,0,0,0,0,0,0,0,0,0,0,0.0,0,0,0,0,0,0.0,0,0,0,0,0,0,0,0,0,-0.008258997,0,0,-1.29e-05,0,0,0,0,0,0,0,-0.000929,0,0,-0.000331,0,0,0,0.0,0.0,0,0,0,0,0,0,0,-0.001567836,0.0,0,0.0,0,0,0,0,0,0,0,0,0,-1.29e-05,0.0,0,0.0,0.0,0,0.0,0,0,-0.003391306,0,0,0.0,0.0,0.0,0.0,-1.29e-05,0,0,0,0.0,1e-05,0,0,0.0,0.0,0.0,0,0,-5.17e-05,0,0.006683512,0,0,0.0,0,-0.001192151,0,0,0.010173917,0,0,0,0,0.0,0.0,0,0,-1.29e-05,0,-1.29e-05,0.0,0,0.0,0.0,0,0,0.0,0.0,0,0,0.0,0,-1.29e-05,0,0.0,0,0.004176566,0.004176566,0.004176566,0,0,-1.29e-05,0.0,0,0,0.0,0,-0.016343476,0,0,0,0,0,0.0,0,0,0.0,0,0,0
132,116,0,0,0,0,0.0,0,0,0,0,0,-1.23e-05,0,0,-0.011738303,0.003978498,0.0,0,0,0,0.0,0,0,0,-0.000417,0,0,0,0,0,0,0,0,0,0,0,0,0,0.0,0,0,0,0,0,0,0,0,0,0,0.0,0,0,0,0,0,0.0,0,0,0,0,0,0,0,0,0,-0.008400136,0,0,-1.23e-05,0,0,0,0,0,0,0,-0.000885,0,0,-0.000315,0,0,0,0.0,0.0,0,0,0,0,0,0,0,-0.001493484,0.0,0,0.0,0,0,0,0,0,0,0,0,0,-1.23e-05,0.0,0,0.0,0.0,0,0.0,0,0,-0.003230478,0,0,0.0,0.0,0.0,0.0,-1.23e-05,0,0,0,0.0,1e-05,0,0,0.0,0.0,0.0,0,0,-4.93e-05,0,0.006851294,0,0,0.0,0,-0.001135615,0,0,0.009691434,0,0,0,0,0.0,0.0,0,0,-1.23e-05,0,-1.23e-05,0.0,0,0.0,0.0,0,0,0.0,0.0,0,0,0.0,0,-1.23e-05,0,0.0,0,0.003978498,0.003978498,0.003978498,0,0,-1.23e-05,0.0,0,0,0.0,0,-0.015130795,0,0,0,0,0,0.0,0,0,0.0,0,0,0
162,117,0,0,0,0,0.0,0,0,0,0,0,-1.18e-05,0,0,-0.011294696,0.003802101,0.0,0,0,0,0.0,0,0,0,-0.00059,0,0,0,0,0,0,0,0,0,0,0,0,0,0.0,0,0,0,0,0,0,0,0,0,0,0.0,0,0,0,0,0,0.0,0,0,0,0,0,0,0,0,0,-0.008324535,0,0,-1.18e-05,0,0,0,0,0,0,0,-0.000846,0,0,-0.000301,0,0,0,0.0,0.0,0,0,0,0,0,0,0,-0.001427266,0.0,0,0.0,0,0,0,0,0,0,0,0,0,-1.18e-05,0.0,0,0.0,0.0,0,0.0,0,0,-0.003087247,0,0,0.0,0.0,0.0,0.0,-1.18e-05,0,0,0,0.0,1e-05,0,0,0.0,0.0,0.0,0,0,-4.71e-05,0,0.006817394,0,0,0.0,0,-0.001085264,0,0,0.00926174,0,0,0,0,0.0,0.0,0,0,-1.18e-05,0,-1.18e-05,0.0,0,0.0,0.0,0,0,0.0,0.0,0,0,0.0,0,-1.18e-05,0,0.0,0,0.003802101,0.003802101,0.003802101,0,0,-1.18e-05,0.0,0,0,0.0,0,-0.014216149,0,0,0,0,0,0.0,0,0,0.0,0,0,0
192,118,0,0,0,0,0.0,0,0,0,0,0,-1.12e-05,0,0,-0.010863523,0.003629429,0.0,0,0,0,0.0,0,0,0,-0.000766,0,0,0,0,0,0,0,0,0,0,0,0,0,0.0,0,0,0,0,0,0,0,0,0,0,0.0,0,0,0,0,0,0.0,0,0,0,0,0,0,0,0,0,-0.008262375,0,0,-1.12e-05,0,0,0,0,0,0,0,-0.000808,0,0,-0.000288,0,0,0,0.0,0.0,0,0,0,0,0,0,0,-0.001362447,0.0,0,0.0,0,0,0,0,0,0,0,0,0,-1.12e-05,0.0,0,0.0,0.0,0,0.0,0,0,-0.00294704,0,0,0.0,0.0,0.0,0.0,-1.12e-05,0,0,0,0.0,1e-05,0,0,0.0,0.0,0.0,0,0,-4.5e-05,0,0.006794997,0,0,0.0,0,-0.001035977,0,0,0.008841119,0,0,0,0,0.0,0.0,0,0,-1.12e-05,0,-1.12e-05,0.0,0,0.0,0.0,0,0,0.0,0.0,0,0,0.0,0,-1.12e-05,0,0.0,0,0.003629429,0.003629429,0.003629429,0,0,-1.12e-05,0.0,0,0,0.0,0,-0.013311084,0,0,0,0,0,0.0,0,0,0.0,0,0,0
222,119,0,0,0,0,0.0,0,0,0,0,0,-1.07e-05,0,0,-0.010445572,0.003460857,0.0,0,0,0,0.0,0,0,0,-0.000837,0,0,0,0,0,0,0,0,0,0,0,0,0,0.0,0,0,0,0,0,0,0,0,0,0,0.0,0,0,0,0,0,0.0,0,0,0,0,0,0,0,0,0,-0.008192352,0,0,-1.07e-05,0,0,0,0,0,0,0,-0.00077,0,0,-0.000274,0,0,0,0.0,0.0,0,0,0,0,0,0,0,-0.001299167,0.0,0,0.0,0,0,0,0,0,0,0,0,0,-1.07e-05,0.0,0,0.0,0.0,0,0.0,0,0,-0.002810162,0,0,0.0,0.0,0.0,0.0,-1.07e-05,0,0,0,0.0,1e-05,0,0,0.0,0.0,0.0,0,0,-4.29e-05,0,0.006771109,0,0,0.0,0,-0.000988,0,0,0.008430485,0,0,0,0,-0.000121,0.0,0,0,-1.07e-05,0,-1.07e-05,0.0,0,0.0,0.0,0,0,0.0,0.0,0,0,0.0,0,-1.07e-05,0,0.0,0,0.003460857,0.003460857,0.003460857,0,0,-1.07e-05,0.0,0,0,0.0,0,-0.012422219,0,0,0,0,0,0.0,0,0,0.0,0,0,0
342,120,0,0,0,0,0.0,0,0,0,0,0,-1.02e-05,0,0,-0.010040459,0.003296726,0.0,0,0,0,0.0,0,0,0,-0.000797,0,0,0,0,0,0,0,0,0,0,0,0,0,0.0,0,0,0,0,0,0,0,0,0,0,0.0,0,0,0,0,0,0.0,0,0,0,0,0,0,0,0,0,-0.008109447,0,0,-1.02e-05,0,0,0,0,0,0,0,-0.000734,0,0,-0.000261,0,0,0,0.0,0.0,0,0,0,0,0,0,0,-0.001237554,0.0,0,0.0,0,0,0,0,0,0,0,0,0,-1.02e-05,0.0,0,0.0,0.0,0,0.0,0,0,-0.002676889,0,0,0.0,0.0,0.0,0.0,-1.02e-05,0,0,0,0.0,1e-05,0,0,0.0,0.0,0.0,0,0,-4.08e-05,0,0.006741208,0,0,0.0,0,-0.000941,0,0,0.008030668,0,0,0,0,-0.000365,0.0,0,0,-1.02e-05,0,-1.02e-05,0.0,0,0.0,0.0,0,0,0.0,0.0,0,0,0.0,0,-1.02e-05,0,0.0,0,0.003296726,0.003296726,0.003296726,0,0,-1.02e-05,0.0,0,0,0.0,0,-0.011555323,0,0,0,0,0,0.0,0,0,0.0,0,0,0
357,121,0,0,0,0,0.0,0,0,0,0,0,-9.71e-06,0,0,-0.009646438,0.003137319,0.0,0,0,0,0.0,0,0,0,-0.000759,0,0,0,0,0,0,0,0,0,0,0,0,0,0.0,0,0,0,0,0,0,0,0,0,0,0.0,0,0,0,0,0,0.0,0,0,0,0,0,0,0,0,0,-0.008026997,0,0,-9.71e-06,0,0,0,0,0,0,0,-0.000698,0,0,-0.000249,0,0,0,0.0,0.0,0,0,0,0,0,0,0,-0.001177715,0.0,0,0.0,0,0,0,0,0,0,0,0,0,-9.71e-06,0.0,0,0.0,0.0,0,0.0,0,0,-0.002547454,0,0,0.0,0.0,0.0,0.0,-9.71e-06,0,0,0,0.0,1e-05,0,0,0.0,0.0,0.0,0,0,-3.89e-05,0,0.006710324,0,0,0.0,0,-0.000896,0,0,0.007642362,0,0,0,0,-0.000601,0.0,0,0,-9.71e-06,0,-9.71e-06,0.0,0,0.0,0.0,0,0,0.0,0.0,0,0,0.0,0,-9.71e-06,0,0.0,0,0.003137319,0.003137319,0.003137319,0,0,-9.71e-06,0.0,0,0,0.0,0,-0.010715142,0,0,0,0,0,0.0,0,0,0.0,0,0,0
372,122,0,0,0,0,0.0,0,0,0,0,0,-9.24e-06,0,0,-0.009262945,0.002983217,0.0,0,0,0,0.0,0,0,0,-0.000721,0,0,0,0,0,0,0,0,0,0,0,0,0,0.0,0,0,0,0,0,0,0,0,0,0,0.0,0,0,0,0,0,0.0,0,0,0,0,0,0,0,0,0,-0.007938546,0,0,-9.24e-06,0,0,0,0,0,0,0,-0.000664,0,0,-0.000236,0,0,0,0.0,0.0,0,0,0,0,0,0,0,-0.001119867,0.0,0,0.0,0,0,0,0,0,0,0,0,0,-9.24e-06,0.0,0,0.0,0.0,0,0.0,0,0,-0.002422326,0,0,0.0,0.0,0.0,0.0,-9.24e-06,0,0,0,0.0,1e-05,0,0,0.0,0.0,0.0,0,0,-3.69e-05,0,0.006672121,0,0,0.0,0,-0.000852,0,0,0.007266977,0,0,0,0,-0.000821,0.0,0,0,-9.24e-06,0,-9.24e-06,0.0,0,0.0,0.0,0,0,0.0,0.0,0,0,0.0,0,-9.24e-06,0,0.0,0,0.002983217,0.002983217,0.002983217,0,0,-9.24e-06,0.0,0,0,0.0,0,-0.009910868,0,0,0,0,0,0.0,0,0,0.0,0,0,0
387,123,0,0,0,0,0.0,0,0,0,0,0,-8.78e-06,0,0,-0.008888867,0.002835809,0.0,0,0,0,0.0,0,0,0,-0.000686,0,0,0,0,0,0,0,0,0,0,0,0,0,0.0,0,0,0,0,0,0,0,0,0,0,0.0,0,0,0,0,0,0.0,0,0,0,0,0,0,0,0,0,-0.007829425,0,0,-8.78e-06,0,0,0,0,0,0,0,-0.000631,0,0,-0.000225,0,0,0,0.0,0.0,0,0,0,0,0,0,0,-0.001064531,0.0,0,0.0,0,0,0,0,0,0,0,0,0,-8.78e-06,0.0,0,0.0,0.0,0,0.0,0,0,-0.002302633,0,0,0.0,0.0,0.0,0.0,-8.78e-06,0,0,0,0.0,1e-05,0,0,0.0,0.0,0.0,0,0,-3.51e-05,0,0.006612179,0,0,0.0,0,-0.000809,0,0,0.006907898,0,0,0,0,-0.001012269,0.0,0,0,-8.78e-06,0,-8.78e-06,0.0,0,0.0,0.0,0,0,0.0,0.0,0,0,0.0,0,-8.78e-06,0,0.0,0,0.002835809,0.002835809,0.002835809,0,0,-8.78e-06,0.0,0,0,0.0,0,-0.009163813,0,0,0,0,0,0.0,0,0,0.0,0,0,0
402,124,0,0,0,0,0.0,0,0,0,0,0,-8.34e-06,0,0,-0.008507259,0.002694099,0.0,0,0,0,0.0,0,0,0,-0.000651,0,0,0,0,0,0,0,0,0,0,0,0,0,-9.17e-05,0,0,0,0,0,0,0,0,0,0,0.0,0,0,0,0,0,0.0,0,0,0,0,0,0,0,0,0,-0.007932265,0,0,-8.34e-06,0,0,0,0,0,0,0,-0.0006,0,0,-0.000214,0,0,0,0.0,0.0,0,0,0,0,0,0,0,-0.001011335,0.0,0,0.0,0,0,0,0,0,0,0,0,0,-8.34e-06,0.0,0,0.0,0.0,0,0.0,0,0,-0.002187566,0,0,0.0,0.0,0.0,0.0,-8.34e-06,0,0,0,0.0,1e-05,0,0,0.0,0.0,0.0,0,0,-3.34e-05,0,0.006744518,0,0,0.0,0,-0.000769,0,0,0.006562698,0,0,0,0,-0.000966,0.0,0,0,-8.34e-06,0,-8.34e-06,0.0,0,0.0,0.0,0,0,0.0,0.0,0,0,0.0,0,-8.34e-06,0,0.0,0,0.002694099,0.002694099,0.002694099,0,0,-8.34e-06,0.0,0,0,0.0,0,-0.00845686,0,0,0,0,0,0.0,0,0,0.0,0,0,0
417,125,0,0,0,0,0.0,0,0,0,0,0,-7.92e-06,0,0,-0.008137628,0.002558108,0.0,0,0,0,0.0,0,0,0,-0.000619,0,0,0,0,0,0,0,0,0,0,0,0,0,-0.000177,0,0,0,0,0,0,0,0,0,0,0.0,0,0,0,0,0,0.0,0,0,0,0,0,0,0,0,0,-0.00801019,0,0,-7.92e-06,0,0,0,0,0,0,0,-0.000569,0,0,-0.000203,0,0,0,0.0,0.0,0,0,0,0,0,0,0,-0.00096,0.0,0,0.0,0,0,0,0,0,0,0,0,0,-7.92e-06,0.0,0,0.0,0.0,0,0.0,0,0,-0.002077144,0,0,0.0,0.0,0.0,0.0,-7.92e-06,0,0,0,0.0,1e-05,0,0,0.0,0.0,0.0,0,0,-3.17e-05,0,0.006851965,0,0,0.0,0,-0.00073,0,0,0.006231432,0,0,0,0,-0.000917,0.0,0,0,-7.92e-06,0,-7.92e-06,0.0,0,0.0,0.0,0,0,0.0,0.0,0,0,0.0,0,-7.92e-06,0,0.0,0,0.002558108,0.002558108,0.002558108,0,0,-7.92e-06,0.0,0,0,0.0,0,-0.00779082,0,0,0,0,0,0.0,0,0,0.0,0,0,0
432,126,0,0,0,0,0.0,0,0,0,0,0,-7.52e-06,0,0,-0.007829263,0.002427838,0.0,0,0,0,0.0,0,0,0,-0.000587,0,0,0,0,0,0,0,0,0,0,0,0,0,-0.000207,0,0,0,0,0,0,0,0,0,0,0.0,0,0,0,0,0,0.0,0,0,0,0,0,0,0,0,0,-0.007941444,0,0,-7.52e-06,0,0,0,0,0,0,0,-0.00054,0,0,-0.000192,0,0,0,0.0,0.0,0,0,0,0,0,0,0,-0.000911,0.0,0,0.0,0,0,0,0,0,0,0,0,0,-7.52e-06,0.0,0,0.0,0.0,0,0.0,0,0,-0.001971366,0,0,0.0,0.0,0.0,-0.000117,-7.52e-06,0,0,0,0.0,1e-05,0,0,0.0,0.0,0.0,0,0,-3.01e-05,0,0.006707858,0,0,0.0,0,-0.000693,0,0,0.005914098,0,0,0,0,-0.00087,0.0,0,0,-7.52e-06,0,-7.52e-06,0.0,0,0.0,0.0,0,0,0.0,0.0,0,0,0.0,0,-7.52e-06,0,0.0,0,0.002427838,0.002427838,0.002427838,0,0,-7.52e-06,0.0,0,0,0.0,0,-0.007165741,0,0,0,0,0,0.0,0,0,0.0,0,0,0
447,127,0,0,0,0,0.0,0,0,0,0,0,-7.13e-06,0,0,-0.007567337,0.002303259,0.0,0,0,0,0.0,0,0,0,-0.000557,0,0,0,0,0,0,0,0,0,0,0,0,0,-0.000196,0,0,0,0,0,0,0,0,0,0,0.0,0,0,0,0,0,0.0,0,0,0,0,0,0,0,0,0,-0.00776235,0,0,-7.13e-06,0,0,0,0,0,0,0,-0.000513,0,0,-0.000183,0,0,0,0.0,0.0,0,0,0,0,0,0,0,-0.000865,0.0,0,0.0,0,0,0,0,0,0,0,0,0,-7.13e-06,0.0,0,0.0,0.0,0,0.0,0,0,-0.001870211,0,0,0.0,0.0,0.0,-0.000317,-7.13e-06,0,0,0,0.0,1e-05,0,0,0.0,0.0,0.0,0,0,-2.85e-05,0,0.006380394,0,0,0.0,0,-0.000657,0,0,0.005610632,0,0,0,0,-0.000826,0.0,0,0,-7.13e-06,0,-7.13e-06,0.0,0,0.0,0.0,0,0,0.0,0.0,0,0,0.0,0,-7.13e-06,0,0.0,0,0.002303259,0.002303259,0.002303259,0,0,-7.13e-06,0.0,0,0,0.0,0,-0.006581145,0,0,0,0,0,0.0,0,0,0.0,0,0,0
462,128,0,0,0,0,0.0,0,0,0,0,0,-6.76e-06,0,0,-0.007308785,0.002184286,0.0,0,0,0,0.0,0,0,0,-0.000528,0,0,0,0,0,0,0,0,0,0,0,0,0,-0.000186,0,0,0,0,0,0,0,0,0,0,0.0,0,0,0,0,0,0.0,0,0,0,0,0,0,0,0,0,-0.007577583,0,0,-6.76e-06,0,0,0,0,0,0,0,-0.000486,0,0,-0.000173,0,0,0,0.0,0.0,0,0,0,0,0,0,0,-0.00082,0.0,0,0.0,0,0,0,0,0,0,0,0,0,-6.76e-06,0.0,0,0.0,0.0,0,0.0,0,0,-0.001773606,0,0,0.0,0.0,0.0,-0.000495,-6.76e-06,0,0,0,0.0,1e-05,0,0,0.0,0.0,0.0,0,0,-2.71e-05,0,0.006066634,0,0,0.0,0,-0.000623,0,0,0.005320819,0,0,0,0,-0.000783,0.0,0,0,-6.76e-06,0,-6.76e-06,0.0,0,0.0,0.0,0,0,0.0,0.0,0,0,0.0,0,-6.76e-06,0,0.0,0,0.002184286,0.002184286,0.002184286,0,0,-6.76e-06,0.0,0,0,0.0,0,-0.006035898,0,0,0,0,0,0.0,0,0,0.0,0,0,0
477,129,0,0,0,0,0.0,0,0,0,0,0,-6.41e-06,0,0,-0.007053962,0.002070766,0.0,0,0,0,0.0,0,0,0,-0.000501,0,0,0,0,0,0,0,0,0,0,0,0,0,-0.000176,0,0,0,0,0,0,0,0,0,0,0.0,0,0,0,0,0,0.0,0,0,0,0,0,0,0,0,0,-0.007388024,0,0,-6.41e-06,0,0,0,0,0,0,0,-0.000461,0,0,-0.000164,0,0,0,0.0,0.0,0,0,0,0,0,0,0,-0.000777,0.0,0,0.0,0,0,0,0,0,0,0,0,0,-6.41e-06,0.0,0,0.0,0.0,0,0.0,0,0,-0.001681429,0,0,0.0,0.0,0.0,-0.000653,-6.41e-06,0,0,0,0.0,1e-05,0,0,0.0,0.0,0.0,0,0,-2.56e-05,0,0.005766258,0,0,0.0,0,-0.000591,0,0,0.005044288,0,0,0,0,-0.000742,0.0,0,0,-6.41e-06,0,-6.41e-06,0.0,0,0.0,0.0,0,0,0.0,0.0,0,0,0.0,0,-6.41e-06,0,0.0,0,0.002070766,0.002070766,0.002070766,0,0,-6.41e-06,0.0,0,0,0.0,0,-0.005528233,0,0,0,0,0,0.0,0,0,0.0,0,0,0
492,130,0,0,0,0,0.0,0,0,0,0,0,-6.08e-06,0,0,-0.006797092,0.001963137,0.0,0,0,0,0.0,0,0,0,-0.000475,0,0,0,0,0,0,0,0,0,0,0,0,0,-0.000167,0,0,0,0,0,0,0,0,0,0,0.0,0,0,0,0,0,0.0,0,0,0,0,0,0,0,0,0,-0.007183371,0,0,-6.08e-06,0,0,0,0,0,0,0,-0.000437,0,0,-0.000156,0,0,0,0.0,0.0,0,0,0,0,0,0,0,-0.000737,0.0,0,0.0,0,0,0,0,0,0,0,0,0,-6.08e-06,0.0,0,0.0,0.0,0,0.0,0,0,-0.001594037,0,0,0.0,0.0,0.0,-0.00078,-6.08e-06,0,0,0,0.0,1e-05,0,0,0.0,0.0,0.0,0,0,-2.43e-05,0,0.005479604,0,0,0.0,0,-0.00056,0,0,0.00478211,0,0,0,0,-0.000704,0.0,0,0,-6.08e-06,0,-6.08e-06,0.0,0,0.0,0.0,0,0,0.0,0.0,0,0,0.0,0,-6.08e-06,0,0.0,0,0.001963137,0.001963137,0.001963137,0,0,-6.08e-06,0.0,0,0,0.0,0,-0.005070607,0,0,0,0,0,0.0,0,0,0.0,0,0,0
507,131,0,0,0,0,0.0,0,0,0,0,0,-5.76e-06,0,0,-0.006534383,0.001861614,0.0,0,0,0,0.0,0,0,0,-0.00045,0,0,0,0,0,0,0,0,0,0,0,0,0,-0.000159,0,0,0,0,0,0,0,0,0,0,0.0,0,0,0,0,0,0.0,0,0,0,0,0,0,0,0,0,-0.006957002,0,0,-5.76e-06,0,0,0,0,0,0,0,-0.000414,0,0,-0.000148,0,0,0,0.0,0.0,0,0,0,0,0,0,0,-0.000699,0.0,0,0.0,0,0,0,0,0,0,0,0,0,-5.76e-06,0.0,0,0.0,0.0,0,0.0,0,0,-0.001511602,0,0,0.0,0.0,0.0,-0.00087,-5.76e-06,0,0,0,0.0,1e-05,0,0,0.0,0.0,0.0,0,0,-2.31e-05,0,0.005206711,0,0,0.0,0,-0.000531,0,0,0.004534805,0,0,0,0,-0.000667,0.0,0,0,-5.76e-06,0,-5.76e-06,0.0,0,0.0,0.0,0,0,0.0,0.0,0,0,0.0,0,-5.76e-06,0,0.0,0,0.001861614,0.001861614,0.001861614,0,0,-5.76e-06,0.0,0,0,0.0,0,-0.004670598,0,0,0,0,0,0.0,0,0,0.0,0,0,0
522,132,0,0,0,0,0.0,0,0,0,0,0,-5.47e-06,0,0,-0.006269404,0.001765689,0.0,0,0,0,0.0,0,0,0,-0.000427,0,0,0,0,0,0,0,0,0,0,0,0,0,-0.00015,0,0,0,0,0,0,0,0,0,0,0.0,0,0,0,0,0,0.0,0,0,0,0,0,0,0,0,0,-0.00671576,0,0,-5.47e-06,0,0,0,0,0,0,0,-0.000393,0,0,-0.00014,0,0,0,0.0,0.0,0,0,0,0,0,0,0,-0.000663,0.0,0,0.0,0,0,0,0,0,0,0,0,0,-5.47e-06,0.0,0,0.0,0.0,0,0.0,0,0,-0.001433712,0,0,0.0,0.0,0.0,-0.000931,-5.47e-06,0,0,0,0.0,1e-05,0,0,0.0,0.0,0.0,0,0,-2.19e-05,0,0.004946814,0,0,0.0,0,-0.000504,0,0,0.004301137,0,0,0,0,-0.000633,0.0,0,0,-5.47e-06,0,-5.47e-06,0.0,0,0.0,0.0,0,0,0.0,0.0,0,0,0.0,0,-5.47e-06,0,0.0,0,0.001765689,0.001765689,0.001765689,0,0,-5.47e-06,0.0,0,0,0.0,0,-0.004318637,0,0,0,0,0,0.0,0,0,0.0,0,0,0
537,133,0,0,0,0,0.0,0,0,0,0,0,-5.19e-06,0,0,-0.006005068,0.001674954,0.0,0,0,0,0.0,0,0,0,-0.000405,0,0,0,0,0,0,0,0,0,0,0,0,0,-0.000143,0,0,0,0,0,0,0,0,0,0,0.0,0,0,0,0,0,0.0,0,0,0,0,0,0,0,0,0,-0.006465213,0,0,-5.19e-06,0,0,0,0,0,0,0,-0.000373,0,0,-0.000133,0,0,0,0.0,0.0,0,0,0,0,0,0,0,-0.000629,0.0,0,0.0,0,0,0,0,0,0,0,0,0,-5.19e-06,0.0,0,0.0,0.0,0,0.0,0,0,-0.001360037,0,0,0.0,0.0,0.0,-0.000968,-5.19e-06,0,0,0,0.0,1e-05,0,0,0.0,0.0,0.0,0,0,-2.07e-05,0,0.004699301,0,0,0.0,0,-0.000478,0,0,0.00408011,0,0,0,0,-0.0006,0.0,0,0,-5.19e-06,0,-5.19e-06,0.0,0,0.0,0.0,0,0,0.0,0.0,0,0,0.0,0,-5.19e-06,0,0.0,0,0.001674954,0.001674954,0.001674954,0,0,-5.19e-06,0.0,0,0,0.0,0,-0.004006953,0,0,0,0,0,0.0,0,0,0.0,0,0,0
552,134,0,0,0,0,0.0,0,0,0,0,0,-4.92e-06,0,0,-0.005743587,0.001589034,0.0,0,0,0,0.0,0,0,0,-0.000384,0,0,0,0,0,0,0,0,0,0,0,0,0,-0.000135,0,0,0,0,0,0,0,0,0,0,0.0,0,0,0,0,0,0.0,0,0,0,0,0,0,0,0,0,-0.006209722,0,0,-4.92e-06,0,0,0,0,0,0,0,-0.000354,0,0,-0.000126,0,0,0,0.0,0.0,0,0,0,0,0,0,0,-0.000597,0.0,0,0.0,0,0,0,0,0,0,0,0,0,-4.92e-06,0.0,0,0.0,0.0,0,0.0,0,0,-0.00129027,0,0,0.0,0.0,0.0,-0.000987,-4.92e-06,0,0,0,0.0,1e-05,0,0,0.0,0.0,0.0,0,0,-1.97e-05,0,0.004463554,0,0,0.0,0,-0.000454,0,0,0.003870811,0,0,0,0,-0.00057,0.0,0,0,-4.92e-06,0,-4.92e-06,0.0,0,0.0,0.0,0,0,0.0,0.0,0,0,0.0,0,-4.92e-06,0,0.0,0,0.001589034,0.001589034,0.001589034,0,0,-4.92e-06,0.0,0,0,0.0,0,-0.003729134,0,0,0,0,0,0.0,0,0,0.0,0,0,0
567,135,0,0,0,0,0.0,0,0,0,0,0,-4.67e-06,0,0,-0.005486626,0.001507588,0.0,0,0,0,0.0,0,0,0,-0.000365,0,0,0,0,0,0,0,0,0,0,0,0,0,-0.000128,0,0,0,0,0,0,0,0,0,0,0.0,0,0,0,0,0,0.0,0,0,0,0,0,0,0,0,0,-0.005952681,0,0,-4.67e-06,0,0,0,0,0,0,0,-0.000335,0,0,-0.000119,0,0,0,0.0,0.0,0,0,0,0,0,0,0,-0.000566,0.0,0,0.0,0,0,0,0,0,0,0,0,0,-4.67e-06,0.0,0,0.0,0.0,0,0.0,0,0,-0.001224138,0,0,0.0,0.0,0.0,-0.000991,-4.67e-06,0,0,0,0.0,1e-05,0,0,0.0,0.0,0.0,0,0,-1.87e-05,0,0.004238971,0,0,0.0,0,-0.00043,0,0,0.003672414,0,0,0,0,-0.00054,0.0,0,0,-4.67e-06,0,-4.67e-06,0.0,0,0.0,0.0,0,0,0.0,0.0,0,0,0.0,0,-4.67e-06,0,0.0,0,0.001507588,0.001507588,0.001507588,0,0,-4.67e-06,0.0,0,0,0.0,0,-0.003479901,0,0,0,0,0,0.0,0,0,0.0,0,0,0
582,136,0,0,0,0,0.0,0,0,0,0,0,-4.43e-06,0,0,-0.00523623,0.001430471,0.0,0,0,0,0.0,0,0,0,-0.000346,0,0,0,0,0,0,0,0,0,0,0,0,0,-0.000122,0,0,0,0,0,0,0,0,0,0,0.0,0,0,0,0,0,0.0,0,0,0,0,0,0,0,0,0,-0.005697725,0,0,-4.43e-06,0,0,0,0,0,0,0,-0.000318,0,0,-0.000113,0,0,0,0.0,0.0,0,0,0,0,0,0,0,-0.000537,0.0,0,0.0,0,0,0,0,0,0,0,0,0,-4.43e-06,0.0,0,0.0,0.0,0,0.0,0,0,-0.00116152,0,0,0.0,0.0,0.0,-0.000985,-4.43e-06,0,0,0,0.0,1e-05,0,0,0.0,0.0,0.0,0,0,-1.77e-05,0,0.004025456,0,0,0.0,0,-0.000408,0,0,0.003484561,0,0,0,0,-0.000513,0.0,0,0,-4.43e-06,0,-4.43e-06,0.0,0,0.0,0.0,0,0,0.0,0.0,0,0,0.0,0,-4.43e-06,0,0.0,0,0.001430471,0.001430471,0.001430471,0,0,-4.43e-06,0.0,0,0,0.0,0,-0.003254911,0,0,0,0,0,0.0,0,0,0.0,0,0,0
597,137,0,0,0,0,0.0,0,0,0,0,0,-4.2e-06,0,0,-0.004994875,0.001357716,0.0,0,0,0,0.0,0,0,0,-0.000328,0,0,0,0,0,0,0,0,0,0,0,0,0,-0.000116,0,0,0,0,0,0,0,0,0,0,0.0,0,0,0,0,0,0.0,0,0,0,0,0,0,0,0,0,-0.005448826,0,0,-4.2e-06,0,0,0,0,0,0,0,-0.000302,0,0,-0.000108,0,0,0,0.0,0.0,0,0,0,0,0,0,0,-0.00051,0.0,0,0.0,0,0,0,0,0,0,0,0,0,-4.2e-06,0.0,0,0.0,0.0,0,0.0,0,0,-0.001102444,0,0,0.0,0.0,0.0,-0.000971,-4.2e-06,0,0,0,0.0,1e-05,0,0,0.0,0.0,0.0,0,0,-1.68e-05,0,0.003823391,0,0,0.0,0,-0.000388,0,0,0.003307333,0,0,0,0,-0.000487,0.0,0,0,-4.2e-06,0,-4.2e-06,0.0,0,0.0,0.0,0,0,0.0,0.0,0,0,0.0,0,-4.2e-06,0,0.0,0,0.001357716,0.001357716,0.001357716,0,0,-4.2e-06,0.0,0,0,0.0,0,-0.003050593,0,0,0,0,0,0.0,0,0,0.0,0,0,0
612,138,0,0,0,0,0.0,0,0,0,0,0,-3.99e-06,0,0,-0.004762817,0.001289008,0.0,0,0,0,0.0,0,0,0,-0.000312,0,0,0,0,0,0,0,0,0,0,0,0,0,-0.00011,0,0,0,0,0,0,0,0,0,0,0.0,0,0,0,0,0,0.0,0,0,0,0,0,0,0,0,0,-0.005207033,0,0,-3.99e-06,0,0,0,0,0,0,0,-0.000287,0,0,-0.000102,0,0,0,0.0,0.0,0,0,0,0,0,0,0,-0.000484,0.0,0,0.0,0,0,0,0,0,0,0,0,0,-3.99e-06,0.0,0,0.0,0.0,0,0.0,0,0,-0.001046655,0,0,0.0,0.0,0.0,-0.000953,-3.99e-06,0,0,0,0.0,1e-05,0,0,0.0,0.0,0.0,0,0,-1.6e-05,0,0.00363206,0,0,0.0,0,-0.000368,0,0,0.003139964,0,0,0,0,-0.000462,0.0,0,0,-3.99e-06,0,-3.99e-06,0.0,0,0.0,0.0,0,0,0.0,0.0,0,0,0.0,0,-3.99e-06,0,0.0,0,0.001289008,0.001289008,0.001289008,0,0,-3.99e-06,0.0,0,0,0.0,0,-0.002864042,0,0,0,0,0,0.0,0,0,0.0,0,0,0
627,139,0,0,0,0,0.0,0,0,0,0,0,-3.79e-06,0,0,-0.004540154,0.001224066,0.0,0,0,0,0.0,0,0,0,-0.000296,0,0,0,0,0,0,0,0,0,0,0,0,0,-0.000104,0,0,0,0,0,0,0,0,0,0,0.0,0,0,0,0,0,0.0,0,0,0,0,0,0,0,0,0,-0.004973066,0,0,-3.79e-06,0,0,0,0,0,0,0,-0.000272,0,0,-9.7e-05,0,0,0,0.0,0.0,0,0,0,0,0,0,0,-0.00046,0.0,0,0.0,0,0,0,0,0,0,0,0,0,-3.79e-06,0.0,0,0.0,0.0,0,0.0,0,0,-0.000994,0,0,0.0,0.0,0.0,-0.00093,-3.79e-06,0,0,0,0.0,1e-05,0,0,0.0,0.0,0.0,0,0,-1.52e-05,0,0.003450808,0,0,0.0,0,-0.000349,0,0,0.002981766,0,0,0,0,-0.000439,0.0,0,0,-3.79e-06,0,-3.79e-06,0.0,0,0.0,0.0,0,0,0.0,0.0,0,0,0.0,0,-3.79e-06,0,0.0,0,0.001224066,0.001224066,0.001224066,0,0,-3.79e-06,0.0,0,0,0.0,0,-0.002692866,0,0,0,0,0,0.0,0,0,0.0,0,0,0
642,140,0,0,0,0,0.0,0,0,0,0,0,-3.6e-06,0,0,-0.004326857,0.001162635,0.0,0,0,0,0.0,0,0,0,-0.000281,0,0,0,0,0,0,0,0,0,0,0,0,0,-9.9e-05,0,0,0,0,0,0,0,0,0,0,0.0,0,0,0,0,0,0.0,0,0,0,0,0,0,0,0,0,-0.004747384,0,0,-3.6e-06,0,0,0,0,0,0,0,-0.000259,0,0,-9.22e-05,0,0,0,0.0,0.0,0,0,0,0,0,0,0,-0.000436,0.0,0,0.0,0,0,0,0,0,0,0,0,0,-3.6e-06,0.0,0,0.0,0.0,0,0.0,0,0,-0.000944,0,0,0.0,0.0,0.0,-0.000905,-3.6e-06,0,0,0,0.0,1e-05,0,0,0.0,0.0,0.0,0,0,-1.44e-05,0,0.003279029,0,0,0.0,0,-0.000332,0,0,0.002832123,0,0,0,0,-0.000417,0.0,0,0,-3.6e-06,0,-3.6e-06,0.0,0,0.0,0.0,0,0,0.0,0.0,0,0,0.0,0,-3.6e-06,0,0.0,0,0.001162635,0.001162635,0.001162635,0,0,-3.6e-06,0.0,0,0,0.0,0,-0.002535095,0,0,0,0,0,0.0,0,0,0.0,0,0,0
657,141,0,0,0,0,0.0,0,0,0,0,0,-3.42e-06,0,0,-0.004122802,0.001104487,0.0,0,0,0,0.0,0,0,0,-0.000267,0,0,0,0,0,0,0,0,0,0,0,0,0,-9.41e-05,0,0,0,0,0,0,0,0,0,0,0.0,0,0,0,0,0,0.0,0,0,0,0,0,0,0,0,0,-0.004530241,0,0,-3.42e-06,0,0,0,0,0,0,0,-0.000246,0,0,-8.75e-05,0,0,0,0.0,0.0,0,0,0,0,0,0,0,-0.000415,0.0,0,0.0,0,0,0,0,0,0,0,0,0,-3.42e-06,0.0,0,0.0,0.0,0,0.0,0,0,-0.000897,0,0,0.0,0.0,0.0,-0.000878,-3.42e-06,0,0,0,0.0,1e-05,0,0,0.0,0.0,0.0,0,0,-1.37e-05,0,0.003116166,0,0,0.0,0,-0.000315,0,0,0.002690478,0,0,0,0,-0.000396,0.0,0,0,-3.42e-06,0,-3.42e-06,0.0,0,0.0,0.0,0,0,0.0,0.0,0,0,0.0,0,-3.42e-06,0,0.0,0,0.001104487,0.001104487,0.001104487,0,0,-3.42e-06,0.0,0,0,0.0,0,-0.002389103,0,0,0,0,0,0.0,0,0,0.0,0,0,0
672,142,0,0,0,0,0.0,0,0,0,0,0,-3.25e-06,0,0,-0.003927793,0.001049414,0.0,0,0,0,0.0,0,0,0,-0.000254,0,0,0,0,0,0,0,0,0,0,0,0,0,-8.94e-05,0,0,0,0,0,0,0,0,0,0,0.0,0,0,0,0,0,0.0,0,0,0,0,0,0,0,0,0,-0.004321732,0,0,-3.25e-06,0,0,0,0,0,0,0,-0.000234,0,0,-8.32e-05,0,0,0,0.0,0.0,0,0,0,0,0,0,0,-0.000394,0.0,0,0.0,0,0,0,0,0,0,0,0,0,-3.25e-06,0.0,0,0.0,0.0,0,0.0,0,0,-0.000852,0,0,0.0,0.0,0.0,-0.000849,-3.25e-06,0,0,0,0.0,1e-05,0,0,0.0,0.0,0.0,0,0,-1.3e-05,0,0.002961704,0,0,0.0,0,-0.0003,0,0,0.002556324,0,0,0,0,-0.000376,0.0,0,0,-3.25e-06,0,-3.25e-06,0.0,0,0.0,0.0,0,0,0.0,0.0,0,0,0.0,0,-3.25e-06,0,0.0,0,0.001049414,0.001049414,0.001049414,0,0,-3.25e-06,0.0,0,0,0.0,0,-0.002253541,0,0,0,0,0,0.0,0,0,0.0,0,0,0
687,143,0,0,0,0,0.0,0,0,0,0,0,-3.09e-06,0,0,-0.003741585,0.000997,0.0,0,0,0,0.0,0,0,0,-0.000241,0,0,0,0,0,0,0,0,0,0,0,0,0,-8.49e-05,0,0,0,0,0,0,0,0,0,0,0.0,0,0,0,0,0,0.0,0,0,0,0,0,0,0,0,0,-0.004121833,0,0,-3.09e-06,0,0,0,0,0,0,0,-0.000222,0,0,-7.9e-05,0,0,0,0.0,0.0,0,0,0,0,0,0,0,-0.000374,0.0,0,0.0,0,0,0,0,0,0,0,0,0,-3.09e-06,0.0,0,0.0,0.0,0,0.0,0,0,-0.00081,0,0,0.0,0.0,0.0,-0.00082,-3.09e-06,0,0,0,0.0,1e-05,0,0,0.0,0.0,0.0,0,0,-1.24e-05,0,0.002815162,0,0,0.0,0,-0.000285,0,0,0.002429201,0,0,0,0,-0.000357,0.0,0,0,-3.09e-06,0,-3.09e-06,0.0,0,0.0,0.0,0,0,0.0,0.0,0,0,0.0,0,-3.09e-06,0,0.0,0,0.000997,0.000997,0.000997,0,0,-3.09e-06,0.0,0,0,0.0,0,-0.002127285,0,0,0,0,0,0.0,0,0,0.0,0,0,0
702,144,0,0,0,0,0.0,0,0,0,0,0,-2.93e-06,0,0,-0.003563894,0.000948,0.0,0,0,0,0.0,0,0,0,-0.000229,0,0,0,0,0,0,0,0,0,0,0,0,0,-8.07e-05,0,0,0,0,0,0,0,0,0,0,0.0,0,0,0,0,0,0.0,0,0,0,0,0,0,0,0,0,-0.003930429,0,0,-2.93e-06,0,0,0,0,0,0,0,-0.000211,0,0,-7.51e-05,0,0,0,0.0,0.0,0,0,0,0,0,0,0,-0.000356,0.0,0,0.0,0,0,0,0,0,0,0,0,0,-2.93e-06,0.0,0,0.0,0.0,0,0.0,0,0,-0.00077,0,0,0.0,0.0,0.0,-0.000791,-2.93e-06,0,0,0,0.0,1e-05,0,0,0.0,0.0,0.0,0,0,-1.17e-05,0,0.002676095,0,0,0.0,0,-0.000271,0,0,0.002308685,0,0,0,0,-0.00034,0.0,0,0,-2.93e-06,0,-2.93e-06,0.0,0,0.0,0.0,0,0,0.0,0.0,0,0,0.0,0,-2.93e-06,0,0.0,0,0.000948,0.000948,0.000948,0,0,-2.93e-06,0.0,0,0,0.0,0,-0.00200939,0,0,0,0,0,0.0,0,0,0.0,0,0,0
717,145,0,0,0,0,0.0,0,0,0,0,0,-2.79e-06,0,0,-0.003394413,0.000901,0.0,0,0,0,0.0,0,0,0,-0.000218,0,0,0,0,0,0,0,0,0,0,0,0,0,-7.67e-05,0,0,0,0,0,0,0,0,0,0,0.0,0,0,0,0,0,0.0,0,0,0,0,0,0,0,0,0,-0.003747337,0,0,-2.79e-06,0,0,0,0,0,0,0,-0.0002,0,0,-7.14e-05,0,0,0,0.0,0.0,0,0,0,0,0,0,0,-0.000338,0.0,0,0.0,0,0,0,0,0,0,0,0,0,-2.79e-06,0.0,0,0.0,0.0,0,0.0,0,0,-0.000731,0,0,0.0,0.0,0.0,-0.000762,-2.79e-06,0,0,0,0.0,1e-05,0,0,0.0,0.0,0.0,0,0,-1.12e-05,0,0.002544085,0,0,0.0,0,-0.000257,0,0,0.002194386,0,0,0,0,-0.000323,0.0,0,0,-2.79e-06,0,-2.79e-06,0.0,0,0.0,0.0,0,0,0.0,0.0,0,0,0.0,0,-2.79e-06,0,0.0,0,0.000901,0.000901,0.000901,0,0,-2.79e-06,0.0,0,0,0.0,0,-0.00189906,0,0,0,0,0,0.0,0,0,0.0,0,0,0
732,146,0,0,0,0,0.0,0,0,0,0,0,-2.65e-06,0,0,-0.003232822,0.000856,0.0,0,0,0,0.0,0,0,0,-0.000207,0,0,0,0,0,0,0,0,0,0,0,0,0,-7.29e-05,0,0,0,0,0,0,0,0,0,0,0.0,0,0,0,0,0,0.0,0,0,0,0,0,0,0,0,0,-0.00357233,0,0,-2.65e-06,0,0,0,0,0,0,0,-0.000191,0,0,-6.79e-05,0,0,0,0.0,0.0,0,0,0,0,0,0,0,-0.000321,0.0,0,0.0,0,0,0,0,0,0,0,0,0,-2.65e-06,0.0,0,0.0,0.0,0,0.0,0,0,-0.000695,0,0,0.0,0.0,0.0,-0.000734,-2.65e-06,0,0,0,0.0,1e-05,0,0,0.0,0.0,0.0,0,0,-1.06e-05,0,0.002418742,0,0,0.0,0,-0.000244,0,0,0.002085944,0,0,0,0,-0.000307,0.0,0,0,-2.65e-06,0,-2.65e-06,0.0,0,0.0,0.0,0,0,0.0,0.0,0,0,0.0,0,-2.65e-06,0,0.0,0,0.000856,0.000856,0.000856,0,0,-2.65e-06,0.0,0,0,0.0,0,-0.001795617,0,0,0,0,0,0.0,0,0,0.0,0,0,0
747,147,0,0,0,0,0.0,0,0,0,0,0,-2.52e-06,0,0,-0.003078794,0.000814,0.0,0,0,0,0.0,0,0,0,-0.000197,0,0,0,0,0,0,0,0,0,0,0,0,0,-6.93e-05,0,0,0,0,0,0,0,0,0,0,0.0,0,0,0,0,0,0.0,0,0,0,0,0,0,0,0,0,-0.003405146,0,0,-2.52e-06,0,0,0,0,0,0,0,-0.000181,0,0,-6.45e-05,0,0,0,0.0,0.0,0,0,0,0,0,0,0,-0.000306,0.0,0,0.0,0,0,0,0,0,0,0,0,0,-2.52e-06,0.0,0,0.0,0.0,0,0.0,0,0,-0.000661,0,0,0.0,0.0,0.0,-0.000706,-2.52e-06,0,0,0,0.0,1e-05,0,0,0.0,0.0,0.0,0,0,-1.01e-05,0,0.002299701,0,0,0.0,0,-0.000232,0,0,0.001983025,0,0,0,0,-0.000292,0.0,0,0,-2.52e-06,0,-2.52e-06,0.0,0,0.0,0.0,0,0,0.0,0.0,0,0,0.0,0,-2.52e-06,0,0.0,0,0.000814,0.000814,0.000814,0,0,-2.52e-06,0.0,0,0,0.0,0,-0.001698479,0,0,0,0,0,0.0,0,0,0.0,0,0,0
762,148,0,0,0,0,0.0,0,0,0,0,0,-2.4e-06,0,0,-0.002931999,0.000774,0.0,0,0,0,0.0,0,0,0,-0.000187,0,0,0,0,0,0,0,0,0,0,0,0,0,-6.59e-05,0,0,0,0,0,0,0,0,0,0,0.0,0,0,0,0,0,0.0,0,0,0,0,0,0,0,0,0,-0.003245503,0,0,-2.4e-06,0,0,0,0,0,0,0,-0.000172,0,0,-6.13e-05,0,0,0,0.0,0.0,0,0,0,0,0,0,0,-0.000291,0.0,0,0.0,0,0,0,0,0,0,0,0,0,-2.4e-06,0.0,0,0.0,0.0,0,0.0,0,0,-0.000628,0,0,0.0,0.0,0.0,-0.000678,-2.4e-06,0,0,0,0.0,1e-05,0,0,0.0,0.0,0.0,0,0,-9.59e-06,0,0.00218662,0,0,0.0,0,-0.000221,0,0,0.00188532,0,0,0,0,-0.000277,0.0,0,0,-2.4e-06,0,-2.4e-06,0.0,0,0.0,0.0,0,0,0.0,0.0,0,0,0.0,0,-2.4e-06,0,0.0,0,0.000774,0.000774,0.000774,0,0,-2.4e-06,0.0,0,0,0.0,0,-0.001607142,0,0,0,0,0,0.0,0,0,0.0,0,0,0
777,149,0,0,0,0,0.0,0,0,0,0,0,-2.28e-06,0,0,-0.002792113,0.000736,0.0,0,0,0,0.0,0,0,0,-0.000178,0,0,0,0,0,0,0,0,0,0,0,0,0,-6.27e-05,0,0,0,0,0,0,0,0,0,0,0.0,0,0,0,0,0,0.0,0,0,0,0,0,0,0,0,0,-0.003093107,0,0,-2.28e-06,0,0,0,0,0,0,0,-0.000164,0,0,-5.83e-05,0,0,0,0.0,0.0,0,0,0,0,0,0,0,-0.000276,0.0,0,0.0,0,0,0,0,0,0,0,0,0,-2.28e-06,0.0,0,0.0,0.0,0,0.0,0,0,-0.000598,0,0,0.0,0.0,0.0,-0.000651,-2.28e-06,0,0,0,0.0,1e-05,0,0,0.0,0.0,0.0,0,0,-9.11e-06,0,0.002079179,0,0,0.0,0,-0.00021,0,0,0.001792538,0,0,0,0,-0.000264,0.0,0,0,-2.28e-06,0,-2.28e-06,0.0,0,0.0,0.0,0,0,0.0,0.0,0,0,0.0,0,-2.28e-06,0,0.0,0,0.000736,0.000736,0.000736,0,0,-2.28e-06,0.0,0,0,0.0,0,-0.001521166,0,0,0,0,0,0.0,0,0,0.0,0,0,0
913,150,0,0,0,0,0.0,0,0,0,0,0,-2.17e-06,0,0,-0.002658817,0.0007,0.0,0,0,0,0.0,0,0,0,-0.000169,0,0,0,0,0,0,0,0,0,0,0,0,0,-5.96e-05,0,0,0,0,0,0,0,0,0,0,0.0,0,0,0,0,0,0.0,0,0,0,0,0,0,0,0,0,-0.002947658,0,0,-2.17e-06,0,0,0,0,0,0,0,-0.000156,0,0,-5.55e-05,0,0,0,0.0,0.0,0,0,0,0,0,0,0,-0.000263,0.0,0,0.0,0,0,0,0,0,0,0,0,0,-2.17e-06,0.0,0,0.0,0.0,0,0.0,0,0,-0.000568,0,0,0.0,0.0,0.0,-0.000625,-2.17e-06,0,0,0,0.0,1e-05,0,0,0.0,0.0,0.0,0,0,-8.67e-06,0,0.001977073,0,0,0.0,0,-0.0002,0,0,0.001704409,0,0,0,0,-0.000251,0.0,0,0,-2.17e-06,0,-2.17e-06,0.0,0,0.0,0.0,0,0,0.0,0.0,0,0,0.0,0,-2.17e-06,0,0.0,0,0.0007,0.0007,0.0007,0,0,-2.17e-06,0.0,0,0,0.0,0,-0.001440161,0,0,0,0,0,0.0,0,0,0.0,0,0,0
928,151,0,0,0,0,0.0,0,0,0,0,0,-2.06e-06,0,0,-0.002531801,0.000665,0.0,0,0,0,0.0,0,0,0,-0.000161,0,0,0,0,0,0,0,0,0,0,0,0,0,-5.67e-05,0,0,0,0,0,0,0,0,0,0,0.0,0,0,0,0,0,0.0,0,0,0,0,0,0,0,0,0,-0.002808859,0,0,-2.06e-06,0,0,0,0,0,0,0,-0.000148,0,0,-5.27e-05,0,0,0,0.0,0.0,0,0,0,0,0,0,0,-0.00025,0.0,0,0.0,0,0,0,0,0,0,0,0,0,-2.06e-06,0.0,0,0.0,0.0,0,0.0,0,0,-0.00054,0,0,0.0,0.0,0.0,-0.000599,-2.06e-06,0,0,0,0.0,1e-05,0,0,0.0,0.0,0.0,0,0,-8.24e-06,0,0.001880019,0,0,0.0,0,-0.00019,0,0,0.00162068,0,0,0,0,-0.000238,0.0,0,0,-2.06e-06,0,-2.06e-06,0.0,0,0.0,0.0,0,0,0.0,0.0,0,0,0.0,0,-2.06e-06,0,0.0,0,0.000665,0.000665,0.000665,0,0,-2.06e-06,0.0,0,0,0.0,0,-0.001363784,0,0,0,0,0,0.0,0,0,0.0,0,0,0
943,152,0,0,0,0,0.0,0,0,0,0,0,-1.96e-06,0,0,-0.002410763,0.000633,0.0,0,0,0,0.0,0,0,0,-0.000153,0,0,0,0,0,0,0,0,0,0,0,0,0,-5.39e-05,0,0,0,0,0,0,0,0,0,0,0.0,0,0,0,0,0,0.0,0,0,0,0,0,0,0,0,0,-0.002676411,0,0,-1.96e-06,0,0,0,0,0,0,0,-0.000141,0,0,-5.01e-05,0,0,0,0.0,0.0,0,0,0,0,0,0,0,-0.000237,0.0,0,0.0,0,0,0,0,0,0,0,0,0,-1.96e-06,0.0,0,0.0,0.0,0,0.0,0,0,-0.000514,0,0,0.0,0.0,0.0,-0.000575,-1.96e-06,0,0,0,0.0,1e-05,0,0,0.0,0.0,0.0,0,0,-7.84e-06,0,0.001787749,0,0,0.0,0,-0.000181,0,0,0.001541113,0,0,0,0,-0.000227,0.0,0,0,-1.96e-06,0,-1.96e-06,0.0,0,0.0,0.0,0,0,0.0,0.0,0,0,0.0,0,-1.96e-06,0,0.0,0,0.000633,0.000633,0.000633,0,0,-1.96e-06,0.0,0,0,0.0,0,-0.001291723,0,0,0,0,0,0.0,0,0,0.0,0,0,0
958,153,0,0,0,0,0.0,0,0,0,0,0,-1.86e-06,0,0,-0.002295304,0.000602,0.0,0,0,0,0.0,0,0,0,-0.000145,0,0,0,0,0,0,0,0,0,0,0,0,0,-5.12e-05,0,0,0,0,0,0,0,0,0,0,0.0,0,0,0,0,0,0.0,0,0,0,0,0,0,0,0,0,-0.002549889,0,0,-1.86e-06,0,0,0,0,0,0,0,-0.000134,0,0,-4.77e-05,0,0,0,0.0,0.0,0,0,0,0,0,0,0,-0.000226,0.0,0,0.0,0,0,0,0,0,0,0,0,0,-1.86e-06,0.0,0,0.0,0.0,0,0.0,0,0,-0.000488,0,0,0.0,0.0,0.0,-0.000551,-1.86e-06,0,0,0,0.0,1e-05,0,0,0.0,0.0,0.0,0,0,-7.45e-06,0,0.001699946,0,0,0.0,0,-0.000172,0,0,0.001465435,0,0,0,0,-0.000216,0.0,0,0,-1.86e-06,0,-1.86e-06,0.0,0,0.0,0.0,0,0,0.0,0.0,0,0,0.0,0,-1.86e-06,0,0.0,0,0.000602,0.000602,0.000602,0,0,-1.86e-06,0.0,0,0,0.0,0,-0.001223703,0,0,0,0,0,0.0,0,0,0.0,0,0,0
973,154,0,0,0,0,0.0,0,0,0,0,0,-1.77e-06,0,0,-0.002185134,0.000572,0.0,0,0,0,0.0,0,0,0,-0.000138,0,0,0,0,0,0,0,0,0,0,0,0,0,-4.87e-05,0,0,0,0,0,0,0,0,0,0,0.0,0,0,0,0,0,0.0,0,0,0,0,0,0,0,0,0,-0.002428993,0,0,-1.77e-06,0,0,0,0,0,0,0,-0.000127,0,0,-4.53e-05,0,0,0,0.0,0.0,0,0,0,0,0,0,0,-0.000215,0.0,0,0.0,0,0,0,0,0,0,0,0,0,-1.77e-06,0.0,0,0.0,0.0,0,0.0,0,0,-0.000464,0,0,0.0,0.0,0.0,-0.000528,-1.77e-06,0,0,0,0.0,1e-05,0,0,0.0,0.0,0.0,0,0,-7.09e-06,0,0.001616365,0,0,0.0,0,-0.000163,0,0,0.001393428,0,0,0,0,-0.000205,0.0,0,0,-1.77e-06,0,-1.77e-06,0.0,0,0.0,0.0,0,0,0.0,0.0,0,0,0.0,0,-1.77e-06,0,0.0,0,0.000572,0.000572,0.000572,0,0,-1.77e-06,0.0,0,0,0.0,0,-0.001159471,0,0,0,0,0,0.0,0,0,0.0,0,0,0
988,155,0,0,0,0,0.0,0,0,0,0,0,-1.68e-06,0,0,-0.002079998,0.000544,0.0,0,0,0,0.0,0,0,0,-0.000132,0,0,0,0,0,0,0,0,0,0,0,0,0,-4.63e-05,0,0,0,0,0,0,0,0,0,0,0.0,0,0,0,0,0,0.0,0,0,0,0,0,0,0,0,0,-0.002313467,0,0,-1.68e-06,0,0,0,0,0,0,0,-0.000121,0,0,-4.31e-05,0,0,0,0.0,0.0,0,0,0,0,0,0,0,-0.000204,0.0,0,0.0,0,0,0,0,0,0,0,0,0,-1.68e-06,0.0,0,0.0,0.0,0,0.0,0,0,-0.000442,0,0,0.0,0.0,0.0,-0.000505,-1.68e-06,0,0,0,0.0,1e-05,0,0,0.0,0.0,0.0,0,0,-6.74e-06,0,0.001536788,0,0,0.0,0,-0.000155,0,0,0.001324901,0,0,0,0,-0.000195,0.0,0,0,-1.68e-06,0,-1.68e-06,0.0,0,0.0,0.0,0,0,0.0,0.0,0,0,0.0,0,-1.68e-06,0,0.0,0,0.000544,0.000544,0.000544,0,0,-1.68e-06,0.0,0,0,0.0,0,-0.001098792,0,0,0,0,0,0.0,0,0,0.0,0,0,0
1003,156,0,0,0,0,0.0,0,0,0,0,0,-1.6e-06,0,0,-0.001979663,0.000517,0.0,0,0,0,0.0,0,0,0,-0.000125,0,0,0,0,0,0,0,0,0,0,0,0,0,-4.41e-05,0,0,0,0,0,0,0,0,0,0,0.0,0,0,0,0,0,0.0,0,0,0,0,0,0,0,0,0,-0.002203074,0,0,-1.6e-06,0,0,0,0,0,0,0,-0.000115,0,0,-4.1e-05,0,0,0,0.0,0.0,0,0,0,0,0,0,0,-0.000194,0.0,0,0.0,0,0,0,0,0,0,0,0,0,-1.6e-06,0.0,0,0.0,0.0,0,0.0,0,0,-0.00042,0,0,0.0,0.0,0.0,-0.000483,-1.6e-06,0,0,0,0.0,1e-05,0,0,0.0,0.0,0.0,0,0,-6.4e-06,0,0.001461014,0,0,0.0,0,-0.000148,0,0,0.001259677,0,0,0,0,-0.000185,0.0,0,0,-1.6e-06,0,-1.6e-06,0.0,0,0.0,0.0,0,0,0.0,0.0,0,0,0.0,0,-1.6e-06,0,0.0,0,0.000517,0.000517,0.000517,0,0,-1.6e-06,0.0,0,0,0.0,0,-0.00104145,0,0,0,0,0,0.0,0,0,0.0,0,0,0
1018,157,0,0,0,0,0.0,0,0,0,0,0,-1.52e-06,0,0,-0.001883906,0.000492,0.0,0,0,0,0.0,0,0,0,-0.000119,0,0,0,0,0,0,0,0,0,0,0,0,0,-4.19e-05,0,0,0,0,0,0,0,0,0,0,0.0,0,0,0,0,0,0.0,0,0,0,0,0,0,0,0,0,-0.002097587,0,0,-1.52e-06,0,0,0,0,0,0,0,-0.000109,0,0,-3.9e-05,0,0,0,0.0,0.0,0,0,0,0,0,0,0,-0.000185,0.0,0,0.0,0,0,0,0,0,0,0,0,0,-1.52e-06,0.0,0,0.0,0.0,0,0.0,0,0,-0.000399,0,0,0.0,0.0,0.0,-0.000462,-1.52e-06,0,0,0,0.0,1e-05,0,0,0.0,0.0,0.0,0,0,-6.09e-06,0,0.001388851,0,0,0.0,0,-0.00014,0,0,0.001197587,0,0,0,0,-0.000176,0.0,0,0,-1.52e-06,0,-1.52e-06,0.0,0,0.0,0.0,0,0,0.0,0.0,0,0,0.0,0,-1.52e-06,0,0.0,0,0.000492,0.000492,0.000492,0,0,-1.52e-06,0.0,0,0,0.0,0,-0.000987,0,0,0,0,0,0.0,0,0,0.0,0,0,0
1033,158,0,0,0,0,0.0,0,0,0,0,0,-1.45e-06,0,0,-0.001792505,0.000467,0.0,0,0,0,0.0,0,0,0,-0.000113,0,0,0,0,0,0,0,0,0,0,0,0,0,-3.98e-05,0,0,0,0,0,0,0,0,0,0,0.0,0,0,0,0,0,0.0,0,0,0,0,0,0,0,0,0,-0.001996778,0,0,-1.45e-06,0,0,0,0,0,0,0,-0.000104,0,0,-3.7e-05,0,0,0,0.0,0.0,0,0,0,0,0,0,0,-0.000175,0.0,0,0.0,0,0,0,0,0,0,0,0,0,-1.45e-06,0.0,0,0.0,0.0,0,0.0,0,0,-0.000379,0,0,0.0,0.0,0.0,-0.000441,-1.45e-06,0,0,0,0.0,1e-05,0,0,0.0,0.0,0.0,0,0,-5.79e-06,0,0.001320114,0,0,0.0,0,-0.000133,0,0,0.00113847,0,0,0,0,-0.000168,0.0,0,0,-1.45e-06,0,-1.45e-06,0.0,0,0.0,0.0,0,0,0.0,0.0,0,0,0.0,0,-1.45e-06,0,0.0,0,0.000467,0.000467,0.000467,0,0,-1.45e-06,0.0,0,0,0.0,0,-0.000936,0,0,0,0,0,0.0,0,0,0.0,0,0,0
1048,159,0,0,0,0,0.0,0,0,0,0,0,-1.38e-06,0,0,-0.00170525,0.000444,0.0,0,0,0,0.0,0,0,0,-0.000107,0,0,0,0,0,0,0,0,0,0,0,0,0,-3.78e-05,0,0,0,0,0,0,0,0,0,0,0.0,0,0,0,0,0,0.0,0,0,0,0,0,0,0,0,0,-0.001900431,0,0,-1.38e-06,0,0,0,0,0,0,0,-9.89e-05,0,0,-3.52e-05,0,0,0,0.0,0.0,0,0,0,0,0,0,0,-0.000167,0.0,0,0.0,0,0,0,0,0,0,0,0,0,-1.38e-06,0.0,0,0.0,0.0,0,0.0,0,0,-0.000361,0,0,0.0,0.0,0.0,-0.000422,-1.38e-06,0,0,0,0.0,1e-05,0,0,0.0,0.0,0.0,0,0,-5.5e-06,0,0.00125463,0,0,0.0,0,-0.000127,0,0,0.001082171,0,0,0,0,-0.000159,0.0,0,0,-1.38e-06,0,-1.38e-06,0.0,0,0.0,0.0,0,0,0.0,0.0,0,0,0.0,0,-1.38e-06,0,0.0,0,0.000444,0.000444,0.000444,0,0,-1.38e-06,0.0,0,0,0.0,0,-0.000887,0,0,0,0,0,0.0,0,0,0.0,0,0,0
1212,160,0,0,0,0,0.0,0,0,0,0,0,-1.31e-06,0,0,-0.001621944,0.000422,0.0,0,0,0,0.0,0,0,0,-0.000102,0,0,0,0,0,0,0,0,0,0,0,0,0,-3.6e-05,0,0,0,0,0,0,0,0,0,0,0.0,0,0,0,0,0,0.0,0,0,0,0,0,0,0,0,0,-0.001808339,0,0,-1.31e-06,0,0,0,0,0,0,0,-9.4e-05,0,0,-3.35e-05,0,0,0,0.0,0.0,0,0,0,0,0,0,0,-0.000159,0.0,0,0.0,0,0,0,0,0,0,0,0,0,-1.31e-06,0.0,0,0.0,0.0,0,0.0,0,0,-0.000343,0,0,0.0,0.0,0.0,-0.000402,-1.31e-06,0,0,0,0.0,1e-05,0,0,0.0,0.0,0.0,0,0,-5.23e-06,0,0.001192232,0,0,0.0,0,-0.000121,0,0,0.001028547,0,0,0,0,-0.000151,0.0,0,0,-1.31e-06,0,-1.31e-06,0.0,0,0.0,0.0,0,0,0.0,0.0,0,0,0.0,0,-1.31e-06,0,0.0,0,0.000422,0.000422,0.000422,0,0,-1.31e-06,0.0,0,0,0.0,0,-0.000842,0,0,0,0,0,0.0,0,0,0.0,0,0,0
